Start,Finish,Steps
29-Dec-2014 00:00,30-Dec-2014 00:00,0.0
30-Dec-2014 00:00,31-Dec-2014 00:00,12891.0
31-Dec-2014 00:00,01-Jan-2015 00:00,6247.0
01-Jan-2015 00:00,02-Jan-2015 00:00,3471.0
02-Jan-2015 00:00,03-Jan-2015 00:00,13874.0
03-Jan-2015 00:00,04-Jan-2015 00:00,2976.0
04-Jan-2015 00:00,05-Jan-2015 00:00,13583.0
05-Jan-2015 00:00,06-Jan-2015 00:00,8772.0
06-Jan-2015 00:00,07-Jan-2015 00:00,5536.0
07-Jan-2015 00:00,08-Jan-2015 00:00,8031.0
08-Jan-2015 00:00,09-Jan-2015 00:00,2888.0
09-Jan-2015 00:00,10-Jan-2015 00:00,3361.0
10-Jan-2015 00:00,11-Jan-2015 00:00,4128.0
11-Jan-2015 00:00,12-Jan-2015 00:00,6518.0
12-Jan-2015 00:00,13-Jan-2015 00:00,14868.0
13-Jan-2015 00:00,14-Jan-2015 00:00,5326.0
14-Jan-2015 00:00,15-Jan-2015 00:00,6474.05835667708
15-Jan-2015 00:00,16-Jan-2015 00:00,8205.94164332292
16-Jan-2015 00:00,17-Jan-2015 00:00,16804.0
17-Jan-2015 00:00,18-Jan-2015 00:00,7731.0
18-Jan-2015 00:00,19-Jan-2015 00:00,3928.0
19-Jan-2015 00:00,20-Jan-2015 00:00,12963.0
20-Jan-2015 00:00,21-Jan-2015 00:00,7013.0
21-Jan-2015 00:00,22-Jan-2015 00:00,12320.0
22-Jan-2015 00:00,23-Jan-2015 00:00,11223.0
23-Jan-2015 00:00,24-Jan-2015 00:00,9746.0
24-Jan-2015 00:00,25-Jan-2015 00:00,13506.0
25-Jan-2015 00:00,26-Jan-2015 00:00,4807.0
26-Jan-2015 00:00,27-Jan-2015 00:00,16866.0
27-Jan-2015 00:00,28-Jan-2015 00:00,9891.0
28-Jan-2015 00:00,29-Jan-2015 00:00,7572.0
29-Jan-2015 00:00,30-Jan-2015 00:00,9093.0
30-Jan-2015 00:00,31-Jan-2015 00:00,7763.0
31-Jan-2015 00:00,01-Feb-2015 00:00,12078.0
01-Feb-2015 00:00,02-Feb-2015 00:00,5084.0
02-Feb-2015 00:00,03-Feb-2015 00:00,19987.0
03-Feb-2015 00:00,04-Feb-2015 00:00,12662.0
04-Feb-2015 00:00,05-Feb-2015 00:00,17861.0
05-Feb-2015 00:00,06-Feb-2015 00:00,23384.0
06-Feb-2015 00:00,07-Feb-2015 00:00,23477.0
07-Feb-2015 00:00,08-Feb-2015 00:00,6873.0
08-Feb-2015 00:00,09-Feb-2015 00:00,7800.0
09-Feb-2015 00:00,10-Feb-2015 00:00,9491.0
10-Feb-2015 00:00,11-Feb-2015 00:00,3152.0
11-Feb-2015 00:00,12-Feb-2015 00:00,6150.0
12-Feb-2015 00:00,13-Feb-2015 00:00,10286.0
13-Feb-2015 00:00,14-Feb-2015 00:00,2597.0
14-Feb-2015 00:00,15-Feb-2015 00:00,10991.0
15-Feb-2015 00:00,16-Feb-2015 00:00,10018.0
16-Feb-2015 00:00,17-Feb-2015 00:00,6381.0
17-Feb-2015 00:00,18-Feb-2015 00:00,5817.0
18-Feb-2015 00:00,19-Feb-2015 00:00,897.0
19-Feb-2015 00:00,20-Feb-2015 00:00,3882.0
20-Feb-2015 00:00,21-Feb-2015 00:00,4623.0
21-Feb-2015 00:00,22-Feb-2015 00:00,9960.0
22-Feb-2015 00:00,23-Feb-2015 00:00,7829.0
23-Feb-2015 00:00,24-Feb-2015 00:00,13561.0
24-Feb-2015 00:00,25-Feb-2015 00:00,3726.0
25-Feb-2015 00:00,26-Feb-2015 00:00,6908.0
26-Feb-2015 00:00,27-Feb-2015 00:00,4048.0
27-Feb-2015 00:00,28-Feb-2015 00:00,2165.0
28-Feb-2015 00:00,01-Mar-2015 00:00,3234.0
01-Mar-2015 00:00,02-Mar-2015 00:00,4215.0
02-Mar-2015 00:00,03-Mar-2015 00:00,11862.0
03-Mar-2015 00:00,04-Mar-2015 00:00,5859.0
04-Mar-2015 00:00,05-Mar-2015 00:00,7352.0
05-Mar-2015 00:00,06-Mar-2015 00:00,5417.0
06-Mar-2015 00:00,07-Mar-2015 00:00,3684.0
07-Mar-2015 00:00,08-Mar-2015 00:00,5746.0
08-Mar-2015 00:00,09-Mar-2015 00:00,2565.0
09-Mar-2015 00:00,10-Mar-2015 00:00,9115.0
10-Mar-2015 00:00,11-Mar-2015 00:00,8575.0
11-Mar-2015 00:00,12-Mar-2015 00:00,7437.0
12-Mar-2015 00:00,13-Mar-2015 00:00,11280.0
13-Mar-2015 00:00,14-Mar-2015 00:00,8988.0
14-Mar-2015 00:00,15-Mar-2015 00:00,4559.0
15-Mar-2015 00:00,16-Mar-2015 00:00,8817.0
16-Mar-2015 00:00,17-Mar-2015 00:00,15215.0
17-Mar-2015 00:00,18-Mar-2015 00:00,7603.0
18-Mar-2015 00:00,19-Mar-2015 00:00,5086.0
19-Mar-2015 00:00,20-Mar-2015 00:00,11193.0
20-Mar-2015 00:00,21-Mar-2015 00:00,5647.0
21-Mar-2015 00:00,22-Mar-2015 00:00,8449.0
22-Mar-2015 00:00,23-Mar-2015 00:00,6780.0
23-Mar-2015 00:00,24-Mar-2015 00:00,12115.0
24-Mar-2015 00:00,25-Mar-2015 00:00,7727.0
25-Mar-2015 00:00,26-Mar-2015 00:00,8729.0
26-Mar-2015 00:00,27-Mar-2015 00:00,2132.0
27-Mar-2015 00:00,28-Mar-2015 00:00,9761.0
28-Mar-2015 00:00,29-Mar-2015 00:00,10787.0
29-Mar-2015 00:00,30-Mar-2015 00:00,6747.0
30-Mar-2015 00:00,31-Mar-2015 00:00,10409.0
31-Mar-2015 00:00,01-Apr-2015 00:00,17752.0
01-Apr-2015 00:00,02-Apr-2015 00:00,8855.0
02-Apr-2015 00:00,03-Apr-2015 00:00,13981.0
03-Apr-2015 00:00,04-Apr-2015 00:00,8443.0
04-Apr-2015 00:00,05-Apr-2015 00:00,8923.0
05-Apr-2015 00:00,06-Apr-2015 00:00,14549.0
06-Apr-2015 00:00,07-Apr-2015 00:00,14210.0
07-Apr-2015 00:00,08-Apr-2015 00:00,4023.0
08-Apr-2015 00:00,09-Apr-2015 00:00,8426.0
09-Apr-2015 00:00,10-Apr-2015 00:00,12364.0
10-Apr-2015 00:00,11-Apr-2015 00:00,8712.0
11-Apr-2015 00:00,12-Apr-2015 00:00,5726.0
12-Apr-2015 00:00,13-Apr-2015 00:00,6088.0
13-Apr-2015 00:00,14-Apr-2015 00:00,10523.0
14-Apr-2015 00:00,15-Apr-2015 00:00,9366.0
15-Apr-2015 00:00,16-Apr-2015 00:00,11559.0
16-Apr-2015 00:00,17-Apr-2015 00:00,12077.0
17-Apr-2015 00:00,18-Apr-2015 00:00,7557.0
18-Apr-2015 00:00,19-Apr-2015 00:00,11158.0
19-Apr-2015 00:00,20-Apr-2015 00:00,15457.0
20-Apr-2015 00:00,21-Apr-2015 00:00,10329.0
21-Apr-2015 00:00,22-Apr-2015 00:00,3162.0
22-Apr-2015 00:00,23-Apr-2015 00:00,5314.0
23-Apr-2015 00:00,24-Apr-2015 00:00,6056.0
24-Apr-2015 00:00,25-Apr-2015 00:00,9763.0
25-Apr-2015 00:00,26-Apr-2015 00:00,9309.0
26-Apr-2015 00:00,27-Apr-2015 00:00,4080.0
27-Apr-2015 00:00,28-Apr-2015 00:00,16950.0
28-Apr-2015 00:00,29-Apr-2015 00:00,10930.0
29-Apr-2015 00:00,30-Apr-2015 00:00,10190.0
30-Apr-2015 00:00,01-May-2015 00:00,5961.0
01-May-2015 00:00,02-May-2015 00:00,10207.0
02-May-2015 00:00,03-May-2015 00:00,11888.0
03-May-2015 00:00,04-May-2015 00:00,12286.0
04-May-2015 00:00,05-May-2015 00:00,8803.0
05-May-2015 00:00,06-May-2015 00:00,8665.0
06-May-2015 00:00,07-May-2015 00:00,6203.0
07-May-2015 00:00,08-May-2015 00:00,3855.0
08-May-2015 00:00,09-May-2015 00:00,3779.0
09-May-2015 00:00,10-May-2015 00:00,7352.0
10-May-2015 00:00,11-May-2015 00:00,5920.0
11-May-2015 00:00,12-May-2015 00:00,4455.0
12-May-2015 00:00,13-May-2015 00:00,12863.0
13-May-2015 00:00,14-May-2015 00:00,11020.0
14-May-2015 00:00,15-May-2015 00:00,4765.0
15-May-2015 00:00,16-May-2015 00:00,11314.0
16-May-2015 00:00,17-May-2015 00:00,15551.0
17-May-2015 00:00,18-May-2015 00:00,10527.0
18-May-2015 00:00,19-May-2015 00:00,4610.0
19-May-2015 00:00,20-May-2015 00:00,7312.0
20-May-2015 00:00,21-May-2015 00:00,6999.0
21-May-2015 00:00,22-May-2015 00:00,9426.0
22-May-2015 00:00,23-May-2015 00:00,5060.0
23-May-2015 00:00,24-May-2015 00:00,7237.0
24-May-2015 00:00,25-May-2015 00:00,9215.0
25-May-2015 00:00,26-May-2015 00:00,2661.0
26-May-2015 00:00,27-May-2015 00:00,4246.0
27-May-2015 00:00,28-May-2015 00:00,2547.0
28-May-2015 00:00,29-May-2015 00:00,3304.0
29-May-2015 00:00,30-May-2015 00:00,3314.0
30-May-2015 00:00,31-May-2015 00:00,4965.0
31-May-2015 00:00,01-Jun-2015 00:00,7196.0
01-Jun-2015 00:00,02-Jun-2015 00:00,11875.0
02-Jun-2015 00:00,03-Jun-2015 00:00,1188.0
03-Jun-2015 00:00,04-Jun-2015 00:00,962.0
04-Jun-2015 00:00,05-Jun-2015 00:00,2882.0
05-Jun-2015 00:00,06-Jun-2015 00:00,2957.0
06-Jun-2015 00:00,07-Jun-2015 00:00,5914.0
07-Jun-2015 00:00,08-Jun-2015 00:00,13.0
08-Jun-2015 00:00,09-Jun-2015 00:00,6366.0
09-Jun-2015 00:00,10-Jun-2015 00:00,7067.0
10-Jun-2015 00:00,11-Jun-2015 00:00,7193.0
11-Jun-2015 00:00,12-Jun-2015 00:00,4824.0
12-Jun-2015 00:00,13-Jun-2015 00:00,1474.0
13-Jun-2015 00:00,14-Jun-2015 00:00,1652.0
14-Jun-2015 00:00,15-Jun-2015 00:00,31.0
15-Jun-2015 00:00,16-Jun-2015 00:00,1367.0
16-Jun-2015 00:00,17-Jun-2015 00:00,1498.0
17-Jun-2015 00:00,18-Jun-2015 00:00,9274.0
18-Jun-2015 00:00,19-Jun-2015 00:00,7147.0
19-Jun-2015 00:00,20-Jun-2015 00:00,7273.0
20-Jun-2015 00:00,21-Jun-2015 00:00,3150.0
21-Jun-2015 00:00,22-Jun-2015 00:00,2990.0
22-Jun-2015 00:00,23-Jun-2015 00:00,8478.0
23-Jun-2015 00:00,24-Jun-2015 00:00,0.0
24-Jun-2015 00:00,25-Jun-2015 00:00,6155.0
25-Jun-2015 00:00,26-Jun-2015 00:00,0.0
26-Jun-2015 00:00,27-Jun-2015 00:00,15261.0
27-Jun-2015 00:00,28-Jun-2015 00:00,5546.0
28-Jun-2015 00:00,29-Jun-2015 00:00,4580.0
29-Jun-2015 00:00,30-Jun-2015 00:00,2928.0
30-Jun-2015 00:00,01-Jul-2015 00:00,5116.0
01-Jul-2015 00:00,02-Jul-2015 00:00,1305.0
02-Jul-2015 00:00,03-Jul-2015 00:00,12839.0
03-Jul-2015 00:00,04-Jul-2015 00:00,1825.0
04-Jul-2015 00:00,05-Jul-2015 00:00,3278.0
05-Jul-2015 00:00,06-Jul-2015 00:00,1961.0
06-Jul-2015 00:00,07-Jul-2015 00:00,1340.0
07-Jul-2015 00:00,08-Jul-2015 00:00,4405.0
08-Jul-2015 00:00,09-Jul-2015 00:00,2010.0
09-Jul-2015 00:00,10-Jul-2015 00:00,9512.0
10-Jul-2015 00:00,11-Jul-2015 00:00,2362.0
11-Jul-2015 00:00,12-Jul-2015 00:00,18.0
12-Jul-2015 00:00,13-Jul-2015 00:00,10489.0
13-Jul-2015 00:00,14-Jul-2015 00:00,6136.0
14-Jul-2015 00:00,15-Jul-2015 00:00,4571.0
15-Jul-2015 00:00,16-Jul-2015 00:00,17.0
16-Jul-2015 00:00,17-Jul-2015 00:00,4304.0
17-Jul-2015 00:00,18-Jul-2015 00:00,664.0
18-Jul-2015 00:00,19-Jul-2015 00:00,2098.0
19-Jul-2015 00:00,20-Jul-2015 00:00,4152.0
20-Jul-2015 00:00,21-Jul-2015 00:00,5920.0
21-Jul-2015 00:00,22-Jul-2015 00:00,3998.0
22-Jul-2015 00:00,23-Jul-2015 00:00,2199.0
23-Jul-2015 00:00,24-Jul-2015 00:00,7935.55380575945
24-Jul-2015 00:00,25-Jul-2015 00:00,24080.4461942406
25-Jul-2015 00:00,26-Jul-2015 00:00,15226.0
26-Jul-2015 00:00,27-Jul-2015 00:00,22751.0
27-Jul-2015 00:00,28-Jul-2015 00:00,13211.0
28-Jul-2015 00:00,29-Jul-2015 00:00,1145.0
29-Jul-2015 00:00,30-Jul-2015 00:00,10198.0
30-Jul-2015 00:00,31-Jul-2015 00:00,4798.0
31-Jul-2015 00:00,01-Aug-2015 00:00,5841.0
01-Aug-2015 00:00,02-Aug-2015 00:00,3533.0
02-Aug-2015 00:00,03-Aug-2015 00:00,5290.0
03-Aug-2015 00:00,04-Aug-2015 00:00,2993.0
04-Aug-2015 00:00,05-Aug-2015 00:00,4023.0
05-Aug-2015 00:00,06-Aug-2015 00:00,9674.0
06-Aug-2015 00:00,07-Aug-2015 00:00,7660.0
07-Aug-2015 00:00,08-Aug-2015 00:00,2353.0
08-Aug-2015 00:00,09-Aug-2015 00:00,12201.0
09-Aug-2015 00:00,10-Aug-2015 00:00,5535.0
10-Aug-2015 00:00,11-Aug-2015 00:00,9228.0
11-Aug-2015 00:00,12-Aug-2015 00:00,4713.0
12-Aug-2015 00:00,13-Aug-2015 00:00,2260.0
13-Aug-2015 00:00,14-Aug-2015 00:00,5156.0
14-Aug-2015 00:00,15-Aug-2015 00:00,5702.0
15-Aug-2015 00:00,16-Aug-2015 00:00,1183.0
16-Aug-2015 00:00,17-Aug-2015 00:00,5736.0
17-Aug-2015 00:00,18-Aug-2015 00:00,7251.0
18-Aug-2015 00:00,19-Aug-2015 00:00,2026.0
19-Aug-2015 00:00,20-Aug-2015 00:00,3290.0
20-Aug-2015 00:00,21-Aug-2015 00:00,7290.0
21-Aug-2015 00:00,22-Aug-2015 00:00,2930.0
22-Aug-2015 00:00,23-Aug-2015 00:00,1604.0
23-Aug-2015 00:00,24-Aug-2015 00:00,6423.0
24-Aug-2015 00:00,25-Aug-2015 00:00,8366.0
25-Aug-2015 00:00,26-Aug-2015 00:00,5991.0
26-Aug-2015 00:00,27-Aug-2015 00:00,4284.0
27-Aug-2015 00:00,28-Aug-2015 00:00,5698.0
28-Aug-2015 00:00,29-Aug-2015 00:00,176.0
29-Aug-2015 00:00,30-Aug-2015 00:00,18.0
30-Aug-2015 00:00,31-Aug-2015 00:00,6699.0
31-Aug-2015 00:00,01-Sep-2015 00:00,3863.0
01-Sep-2015 00:00,02-Sep-2015 00:00,12385.0
02-Sep-2015 00:00,03-Sep-2015 00:00,5868.0
03-Sep-2015 00:00,04-Sep-2015 00:00,7770.0
04-Sep-2015 00:00,05-Sep-2015 00:00,6193.0
05-Sep-2015 00:00,06-Sep-2015 00:00,6069.0
06-Sep-2015 00:00,07-Sep-2015 00:00,13140.0
07-Sep-2015 00:00,08-Sep-2015 00:00,10973.0
08-Sep-2015 00:00,09-Sep-2015 00:00,12969.0
09-Sep-2015 00:00,10-Sep-2015 00:00,9782.0
10-Sep-2015 00:00,11-Sep-2015 00:00,7353.0
11-Sep-2015 00:00,12-Sep-2015 00:00,12376.0
12-Sep-2015 00:00,13-Sep-2015 00:00,4318.0
13-Sep-2015 00:00,14-Sep-2015 00:00,12619.0
14-Sep-2015 00:00,15-Sep-2015 00:00,4781.0
15-Sep-2015 00:00,16-Sep-2015 00:00,5081.0
16-Sep-2015 00:00,17-Sep-2015 00:00,6331.0
17-Sep-2015 00:00,18-Sep-2015 00:00,10607.0
18-Sep-2015 00:00,19-Sep-2015 00:00,6807.0
19-Sep-2015 00:00,20-Sep-2015 00:00,21029.0
20-Sep-2015 00:00,21-Sep-2015 00:00,3222.0
21-Sep-2015 00:00,22-Sep-2015 00:00,5936.0
22-Sep-2015 00:00,23-Sep-2015 00:00,9640.0
23-Sep-2015 00:00,24-Sep-2015 00:00,11743.0
24-Sep-2015 00:00,25-Sep-2015 00:00,5236.0
25-Sep-2015 00:00,26-Sep-2015 00:00,5880.0
26-Sep-2015 00:00,27-Sep-2015 00:00,5296.0
27-Sep-2015 00:00,28-Sep-2015 00:00,3775.0
28-Sep-2015 00:00,29-Sep-2015 00:00,5943.0
29-Sep-2015 00:00,30-Sep-2015 00:00,6482.0
30-Sep-2015 00:00,01-Oct-2015 00:00,3052.0
01-Oct-2015 00:00,02-Oct-2015 00:00,10409.0
02-Oct-2015 00:00,03-Oct-2015 00:00,8345.0
03-Oct-2015 00:00,04-Oct-2015 00:00,7387.0
04-Oct-2015 00:00,05-Oct-2015 00:00,6445.0
05-Oct-2015 00:00,06-Oct-2015 00:00,4677.0
06-Oct-2015 00:00,07-Oct-2015 00:00,5716.0
07-Oct-2015 00:00,08-Oct-2015 00:00,5797.0
08-Oct-2015 00:00,09-Oct-2015 00:00,5217.0
09-Oct-2015 00:00,10-Oct-2015 00:00,8030.0
10-Oct-2015 00:00,11-Oct-2015 00:00,6081.0
11-Oct-2015 00:00,12-Oct-2015 00:00,16579.0
12-Oct-2015 00:00,13-Oct-2015 00:00,5931.0
13-Oct-2015 00:00,14-Oct-2015 00:00,10558.0
14-Oct-2015 00:00,15-Oct-2015 00:00,9216.0
15-Oct-2015 00:00,16-Oct-2015 00:00,309.0
16-Oct-2015 00:00,17-Oct-2015 00:00,6072.0
17-Oct-2015 00:00,18-Oct-2015 00:00,1737.0
18-Oct-2015 00:00,19-Oct-2015 00:00,10732.0
19-Oct-2015 00:00,20-Oct-2015 00:00,4391.0
20-Oct-2015 00:00,21-Oct-2015 00:00,1109.0
21-Oct-2015 00:00,22-Oct-2015 00:00,3816.0
22-Oct-2015 00:00,23-Oct-2015 00:00,3702.0
23-Oct-2015 00:00,24-Oct-2015 00:00,0.0
24-Oct-2015 00:00,25-Oct-2015 00:00,3836.0
25-Oct-2015 00:00,26-Oct-2015 00:00,4968.0
26-Oct-2015 00:00,27-Oct-2015 00:00,28.0
27-Oct-2015 00:00,28-Oct-2015 00:00,11.0
28-Oct-2015 00:00,29-Oct-2015 00:00,529.0
29-Oct-2015 00:00,30-Oct-2015 00:00,3523.0
30-Oct-2015 00:00,31-Oct-2015 00:00,13984.0
31-Oct-2015 00:00,01-Nov-2015 00:00,4133.0
01-Nov-2015 00:00,02-Nov-2015 00:00,10872.0
02-Nov-2015 00:00,03-Nov-2015 00:00,0.0
03-Nov-2015 00:00,04-Nov-2015 00:00,14684.0
04-Nov-2015 00:00,05-Nov-2015 00:00,11621.0
05-Nov-2015 00:00,06-Nov-2015 00:00,11730.0
06-Nov-2015 00:00,07-Nov-2015 00:00,16490.0
07-Nov-2015 00:00,08-Nov-2015 00:00,6829.0
08-Nov-2015 00:00,09-Nov-2015 00:00,48.0
09-Nov-2015 00:00,10-Nov-2015 00:00,3574.0
10-Nov-2015 00:00,11-Nov-2015 00:00,706.0
11-Nov-2015 00:00,12-Nov-2015 00:00,9994.0
12-Nov-2015 00:00,13-Nov-2015 00:00,76.0
13-Nov-2015 00:00,14-Nov-2015 00:00,4946.0
14-Nov-2015 00:00,15-Nov-2015 00:00,4808.0
15-Nov-2015 00:00,16-Nov-2015 00:00,14.0
16-Nov-2015 00:00,17-Nov-2015 00:00,0.0
17-Nov-2015 00:00,18-Nov-2015 00:00,38.0
18-Nov-2015 00:00,19-Nov-2015 00:00,174.0
19-Nov-2015 00:00,20-Nov-2015 00:00,9136.0
20-Nov-2015 00:00,21-Nov-2015 00:00,55.0
21-Nov-2015 00:00,22-Nov-2015 00:00,4139.0
22-Nov-2015 00:00,23-Nov-2015 00:00,12218.1763475971
23-Nov-2015 00:00,24-Nov-2015 00:00,11842.8236524029
24-Nov-2015 00:00,25-Nov-2015 00:00,323.0
25-Nov-2015 00:00,26-Nov-2015 00:00,766.0
26-Nov-2015 00:00,27-Nov-2015 00:00,0.0
27-Nov-2015 00:00,28-Nov-2015 00:00,0.0
28-Nov-2015 00:00,29-Nov-2015 00:00,10232.0
29-Nov-2015 00:00,30-Nov-2015 00:00,0.0
30-Nov-2015 00:00,01-Dec-2015 00:00,4424.0
01-Dec-2015 00:00,02-Dec-2015 00:00,470.0
02-Dec-2015 00:00,03-Dec-2015 00:00,4740.0
03-Dec-2015 00:00,04-Dec-2015 00:00,2925.0
04-Dec-2015 00:00,05-Dec-2015 00:00,587.0
05-Dec-2015 00:00,06-Dec-2015 00:00,20.0
06-Dec-2015 00:00,07-Dec-2015 00:00,19717.0
07-Dec-2015 00:00,08-Dec-2015 00:00,3577.0
08-Dec-2015 00:00,09-Dec-2015 00:00,0.0
09-Dec-2015 00:00,10-Dec-2015 00:00,8402.0
10-Dec-2015 00:00,11-Dec-2015 00:00,7959.0
11-Dec-2015 00:00,12-Dec-2015 00:00,8988.0
12-Dec-2015 00:00,13-Dec-2015 00:00,5662.0
13-Dec-2015 00:00,14-Dec-2015 00:00,9820.0
14-Dec-2015 00:00,15-Dec-2015 00:00,10219.0
15-Dec-2015 00:00,16-Dec-2015 00:00,4161.0
16-Dec-2015 00:00,17-Dec-2015 00:00,15004.0
17-Dec-2015 00:00,18-Dec-2015 00:00,9938.0
18-Dec-2015 00:00,19-Dec-2015 00:00,11091.0
19-Dec-2015 00:00,20-Dec-2015 00:00,26495.1727932127
20-Dec-2015 00:00,21-Dec-2015 00:00,25574.6756529356
21-Dec-2015 00:00,22-Dec-2015 00:00,20700.1515538517
22-Dec-2015 00:00,23-Dec-2015 00:00,16131.0
23-Dec-2015 00:00,24-Dec-2015 00:00,27004.0
24-Dec-2015 00:00,25-Dec-2015 00:00,1855.0
25-Dec-2015 00:00,26-Dec-2015 00:00,0.0
26-Dec-2015 00:00,27-Dec-2015 00:00,6946.0
27-Dec-2015 00:00,28-Dec-2015 00:00,9229.0
28-Dec-2015 00:00,29-Dec-2015 00:00,6986.0
29-Dec-2015 00:00,30-Dec-2015 00:00,19423.0
30-Dec-2015 00:00,31-Dec-2015 00:00,5849.97679687142
31-Dec-2015 00:00,01-Jan-2016 00:00,6937.02320312858
01-Jan-2016 00:00,02-Jan-2016 00:00,4357.0
02-Jan-2016 00:00,03-Jan-2016 00:00,26596.0
03-Jan-2016 00:00,04-Jan-2016 00:00,5328.0
04-Jan-2016 00:00,05-Jan-2016 00:00,12881.0
05-Jan-2016 00:00,06-Jan-2016 00:00,8114.0
06-Jan-2016 00:00,07-Jan-2016 00:00,17415.0
07-Jan-2016 00:00,08-Jan-2016 00:00,13090.0
08-Jan-2016 00:00,09-Jan-2016 00:00,15031.0
09-Jan-2016 00:00,10-Jan-2016 00:00,6641.0
10-Jan-2016 00:00,11-Jan-2016 00:00,6025.0
11-Jan-2016 00:00,12-Jan-2016 00:00,4534.0
12-Jan-2016 00:00,13-Jan-2016 00:00,8259.0
13-Jan-2016 00:00,14-Jan-2016 00:00,7198.0
14-Jan-2016 00:00,15-Jan-2016 00:00,29718.0
15-Jan-2016 00:00,16-Jan-2016 00:00,144.0
16-Jan-2016 00:00,17-Jan-2016 00:00,12568.0
17-Jan-2016 00:00,18-Jan-2016 00:00,7605.0
18-Jan-2016 00:00,19-Jan-2016 00:00,8232.0
19-Jan-2016 00:00,20-Jan-2016 00:00,3470.0
20-Jan-2016 00:00,21-Jan-2016 00:00,4072.0
21-Jan-2016 00:00,22-Jan-2016 00:00,2274.0
22-Jan-2016 00:00,23-Jan-2016 00:00,4188.0
23-Jan-2016 00:00,24-Jan-2016 00:00,3882.0
24-Jan-2016 00:00,25-Jan-2016 00:00,6888.0
25-Jan-2016 00:00,26-Jan-2016 00:00,7229.0
26-Jan-2016 00:00,27-Jan-2016 00:00,12189.0
27-Jan-2016 00:00,28-Jan-2016 00:00,8763.0
28-Jan-2016 00:00,29-Jan-2016 00:00,1968.0
29-Jan-2016 00:00,30-Jan-2016 00:00,2588.0
30-Jan-2016 00:00,31-Jan-2016 00:00,21.0
31-Jan-2016 00:00,01-Feb-2016 00:00,4763.0
01-Feb-2016 00:00,02-Feb-2016 00:00,2295.0
02-Feb-2016 00:00,03-Feb-2016 00:00,3894.0
03-Feb-2016 00:00,04-Feb-2016 00:00,4225.0
04-Feb-2016 00:00,05-Feb-2016 00:00,5739.0
05-Feb-2016 00:00,06-Feb-2016 00:00,5234.0
06-Feb-2016 00:00,07-Feb-2016 00:00,1696.0
07-Feb-2016 00:00,08-Feb-2016 00:00,1286.0
08-Feb-2016 00:00,09-Feb-2016 00:00,1124.0
09-Feb-2016 00:00,10-Feb-2016 00:00,5555.0
10-Feb-2016 00:00,11-Feb-2016 00:00,5448.0
11-Feb-2016 00:00,12-Feb-2016 00:00,10543.0
12-Feb-2016 00:00,13-Feb-2016 00:00,5265.0
13-Feb-2016 00:00,14-Feb-2016 00:00,10527.0
14-Feb-2016 00:00,15-Feb-2016 00:00,1998.0
15-Feb-2016 00:00,16-Feb-2016 00:00,6566.0
16-Feb-2016 00:00,17-Feb-2016 00:00,15490.0
17-Feb-2016 00:00,18-Feb-2016 00:00,4730.0
18-Feb-2016 00:00,19-Feb-2016 00:00,9410.0
19-Feb-2016 00:00,20-Feb-2016 00:00,7567.0
20-Feb-2016 00:00,21-Feb-2016 00:00,2073.0
21-Feb-2016 00:00,22-Feb-2016 00:00,7052.0
22-Feb-2016 00:00,23-Feb-2016 00:00,7206.0
23-Feb-2016 00:00,24-Feb-2016 00:00,6364.0
24-Feb-2016 00:00,25-Feb-2016 00:00,4039.0
25-Feb-2016 00:00,26-Feb-2016 00:00,4917.0
26-Feb-2016 00:00,27-Feb-2016 00:00,2209.0
27-Feb-2016 00:00,28-Feb-2016 00:00,1521.0
28-Feb-2016 00:00,29-Feb-2016 00:00,3681.0
29-Feb-2016 00:00,01-Mar-2016 00:00,12094.0
01-Mar-2016 00:00,02-Mar-2016 00:00,10318.0
02-Mar-2016 00:00,03-Mar-2016 00:00,10234.0
03-Mar-2016 00:00,04-Mar-2016 00:00,7027.0
04-Mar-2016 00:00,05-Mar-2016 00:00,3805.0
05-Mar-2016 00:00,06-Mar-2016 00:00,13076.0
06-Mar-2016 00:00,07-Mar-2016 00:00,392.0
07-Mar-2016 00:00,08-Mar-2016 00:00,8046.0
08-Mar-2016 00:00,09-Mar-2016 00:00,1820.0
09-Mar-2016 00:00,10-Mar-2016 00:00,5483.0
10-Mar-2016 00:00,11-Mar-2016 00:00,4795.0
11-Mar-2016 00:00,12-Mar-2016 00:00,8228.0
12-Mar-2016 00:00,13-Mar-2016 00:00,7293.0
13-Mar-2016 00:00,14-Mar-2016 00:00,22838.0
14-Mar-2016 00:00,15-Mar-2016 00:00,13082.0
15-Mar-2016 00:00,16-Mar-2016 00:00,6568.48152270613
16-Mar-2016 00:00,17-Mar-2016 00:00,26664.3285837485
17-Mar-2016 00:00,18-Mar-2016 00:00,16998.1898935454
18-Mar-2016 00:00,19-Mar-2016 00:00,6756.0
19-Mar-2016 00:00,20-Mar-2016 00:00,9482.0
20-Mar-2016 00:00,21-Mar-2016 00:00,13210.0
21-Mar-2016 00:00,22-Mar-2016 00:00,27442.0
22-Mar-2016 00:00,23-Mar-2016 00:00,5136.0
23-Mar-2016 00:00,24-Mar-2016 00:00,5929.0
24-Mar-2016 00:00,25-Mar-2016 00:00,4934.0
25-Mar-2016 00:00,26-Mar-2016 00:00,4638.0
26-Mar-2016 00:00,27-Mar-2016 00:00,6511.0
27-Mar-2016 00:00,28-Mar-2016 00:00,4914.0
28-Mar-2016 00:00,29-Mar-2016 00:00,14626.0
29-Mar-2016 00:00,30-Mar-2016 00:00,9825.0
30-Mar-2016 00:00,31-Mar-2016 00:00,3492.0
31-Mar-2016 00:00,01-Apr-2016 00:00,10815.0
01-Apr-2016 00:00,02-Apr-2016 00:00,6121.0
02-Apr-2016 00:00,03-Apr-2016 00:00,10248.0
03-Apr-2016 00:00,04-Apr-2016 00:00,4481.0
04-Apr-2016 00:00,05-Apr-2016 00:00,5973.0
05-Apr-2016 00:00,06-Apr-2016 00:00,3705.0
06-Apr-2016 00:00,07-Apr-2016 00:00,3433.0
07-Apr-2016 00:00,08-Apr-2016 00:00,4282.0
08-Apr-2016 00:00,09-Apr-2016 00:00,6738.0
09-Apr-2016 00:00,10-Apr-2016 00:00,3003.0
10-Apr-2016 00:00,11-Apr-2016 00:00,4988.0
11-Apr-2016 00:00,12-Apr-2016 00:00,6797.0
12-Apr-2016 00:00,13-Apr-2016 00:00,4712.0
13-Apr-2016 00:00,14-Apr-2016 00:00,823.0
14-Apr-2016 00:00,15-Apr-2016 00:00,3716.0
15-Apr-2016 00:00,16-Apr-2016 00:00,4269.0
16-Apr-2016 00:00,17-Apr-2016 00:00,8415.0
17-Apr-2016 00:00,18-Apr-2016 00:00,7220.0
18-Apr-2016 00:00,19-Apr-2016 00:00,5838.0
19-Apr-2016 00:00,20-Apr-2016 00:00,2908.0
20-Apr-2016 00:00,21-Apr-2016 00:00,6800.0
21-Apr-2016 00:00,22-Apr-2016 00:00,5078.0
22-Apr-2016 00:00,23-Apr-2016 00:00,13454.0
23-Apr-2016 00:00,24-Apr-2016 00:00,12.0
24-Apr-2016 00:00,25-Apr-2016 00:00,1304.0
25-Apr-2016 00:00,26-Apr-2016 00:00,3668.0
26-Apr-2016 00:00,27-Apr-2016 00:00,4346.0
27-Apr-2016 00:00,28-Apr-2016 00:00,4743.0
28-Apr-2016 00:00,29-Apr-2016 00:00,5875.0
29-Apr-2016 00:00,30-Apr-2016 00:00,7761.0
30-Apr-2016 00:00,01-May-2016 00:00,3386.0
01-May-2016 00:00,02-May-2016 00:00,934.0
02-May-2016 00:00,03-May-2016 00:00,2821.0
03-May-2016 00:00,04-May-2016 00:00,2951.0
04-May-2016 00:00,05-May-2016 00:00,3628.0
05-May-2016 00:00,06-May-2016 00:00,3792.0
06-May-2016 00:00,07-May-2016 00:00,1528.0
07-May-2016 00:00,08-May-2016 00:00,0.0
08-May-2016 00:00,09-May-2016 00:00,791.0
09-May-2016 00:00,10-May-2016 00:00,4472.0
10-May-2016 00:00,11-May-2016 00:00,1176.0
11-May-2016 00:00,12-May-2016 00:00,4703.0
12-May-2016 00:00,13-May-2016 00:00,4027.0
13-May-2016 00:00,14-May-2016 00:00,4534.0
14-May-2016 00:00,15-May-2016 00:00,322.0
15-May-2016 00:00,16-May-2016 00:00,1661.0
16-May-2016 00:00,17-May-2016 00:00,2635.0
17-May-2016 00:00,18-May-2016 00:00,0.0
18-May-2016 00:00,19-May-2016 00:00,7679.0
19-May-2016 00:00,20-May-2016 00:00,3306.0
20-May-2016 00:00,21-May-2016 00:00,0.0
21-May-2016 00:00,22-May-2016 00:00,164.0
22-May-2016 00:00,23-May-2016 00:00,1630.0
23-May-2016 00:00,24-May-2016 00:00,2798.0
24-May-2016 00:00,25-May-2016 00:00,0.0
25-May-2016 00:00,26-May-2016 00:00,6837.0
26-May-2016 00:00,27-May-2016 00:00,387.0
27-May-2016 00:00,28-May-2016 00:00,7256.0
28-May-2016 00:00,29-May-2016 00:00,4101.0
29-May-2016 00:00,30-May-2016 00:00,7768.0
30-May-2016 00:00,31-May-2016 00:00,813.0
31-May-2016 00:00,01-Jun-2016 00:00,4989.0
01-Jun-2016 00:00,02-Jun-2016 00:00,6755.0
02-Jun-2016 00:00,03-Jun-2016 00:00,3237.0
03-Jun-2016 00:00,04-Jun-2016 00:00,153.0
04-Jun-2016 00:00,05-Jun-2016 00:00,12597.0
05-Jun-2016 00:00,06-Jun-2016 00:00,9692.0
06-Jun-2016 00:00,07-Jun-2016 00:00,0.0
07-Jun-2016 00:00,08-Jun-2016 00:00,1551.0
08-Jun-2016 00:00,09-Jun-2016 00:00,1441.0
09-Jun-2016 00:00,10-Jun-2016 00:00,0.0
10-Jun-2016 00:00,11-Jun-2016 00:00,4898.0
11-Jun-2016 00:00,12-Jun-2016 00:00,3259.0
12-Jun-2016 00:00,13-Jun-2016 00:00,14294.0
13-Jun-2016 00:00,14-Jun-2016 00:00,15256.0
14-Jun-2016 00:00,15-Jun-2016 00:00,8557.0
15-Jun-2016 00:00,16-Jun-2016 00:00,6969.0
16-Jun-2016 00:00,17-Jun-2016 00:00,3362.0
17-Jun-2016 00:00,18-Jun-2016 00:00,17637.0
18-Jun-2016 00:00,19-Jun-2016 00:00,5488.0
19-Jun-2016 00:00,20-Jun-2016 00:00,8503.0
20-Jun-2016 00:00,21-Jun-2016 00:00,5560.0
21-Jun-2016 00:00,22-Jun-2016 00:00,4116.0
22-Jun-2016 00:00,23-Jun-2016 00:00,3926.0
23-Jun-2016 00:00,24-Jun-2016 00:00,10745.0
24-Jun-2016 00:00,25-Jun-2016 00:00,13581.0
25-Jun-2016 00:00,26-Jun-2016 00:00,2779.0
26-Jun-2016 00:00,27-Jun-2016 00:00,5965.0
27-Jun-2016 00:00,28-Jun-2016 00:00,2631.0
28-Jun-2016 00:00,29-Jun-2016 00:00,2279.0
29-Jun-2016 00:00,30-Jun-2016 00:00,0.0
30-Jun-2016 00:00,01-Jul-2016 00:00,2547.0
01-Jul-2016 00:00,02-Jul-2016 00:00,0.0
02-Jul-2016 00:00,03-Jul-2016 00:00,1311.0
03-Jul-2016 00:00,04-Jul-2016 00:00,2073.0
04-Jul-2016 00:00,05-Jul-2016 00:00,398.0
05-Jul-2016 00:00,06-Jul-2016 00:00,59.0
06-Jul-2016 00:00,07-Jul-2016 00:00,5559.0
07-Jul-2016 00:00,08-Jul-2016 00:00,2334.0
08-Jul-2016 00:00,09-Jul-2016 00:00,4341.0
09-Jul-2016 00:00,10-Jul-2016 00:00,808.0
10-Jul-2016 00:00,11-Jul-2016 00:00,929.0
11-Jul-2016 00:00,12-Jul-2016 00:00,2346.0
12-Jul-2016 00:00,13-Jul-2016 00:00,9608.0
13-Jul-2016 00:00,14-Jul-2016 00:00,1045.0
14-Jul-2016 00:00,15-Jul-2016 00:00,9172.0
15-Jul-2016 00:00,16-Jul-2016 00:00,5977.0
16-Jul-2016 00:00,17-Jul-2016 00:00,4106.0
17-Jul-2016 00:00,18-Jul-2016 00:00,5312.0
18-Jul-2016 00:00,19-Jul-2016 00:00,5956.0
19-Jul-2016 00:00,20-Jul-2016 00:00,13647.7035067503
20-Jul-2016 00:00,21-Jul-2016 00:00,14975.3843897131
21-Jul-2016 00:00,22-Jul-2016 00:00,18754.0545392895
22-Jul-2016 00:00,23-Jul-2016 00:00,10687.8575642471
23-Jul-2016 00:00,24-Jul-2016 00:00,12316.0
24-Jul-2016 00:00,25-Jul-2016 00:00,2719.0
25-Jul-2016 00:00,26-Jul-2016 00:00,11629.2892262893
26-Jul-2016 00:00,27-Jul-2016 00:00,16870.8669604514
27-Jul-2016 00:00,28-Jul-2016 00:00,8738.90946908282
28-Jul-2016 00:00,29-Jul-2016 00:00,21329.9343441765
29-Jul-2016 00:00,30-Jul-2016 00:00,2815.49937618765
30-Jul-2016 00:00,31-Jul-2016 00:00,17062.5006238124
31-Jul-2016 00:00,01-Aug-2016 00:00,21700.0
01-Aug-2016 00:00,02-Aug-2016 00:00,10630.0
02-Aug-2016 00:00,03-Aug-2016 00:00,10555.0
03-Aug-2016 00:00,04-Aug-2016 00:00,10940.0
04-Aug-2016 00:00,05-Aug-2016 00:00,4916.0
05-Aug-2016 00:00,06-Aug-2016 00:00,12738.0
06-Aug-2016 00:00,07-Aug-2016 00:00,11915.0
07-Aug-2016 00:00,08-Aug-2016 00:00,18847.0
08-Aug-2016 00:00,09-Aug-2016 00:00,19477.0
09-Aug-2016 00:00,10-Aug-2016 00:00,11042.0
10-Aug-2016 00:00,11-Aug-2016 00:00,9035.0
11-Aug-2016 00:00,12-Aug-2016 00:00,3424.46822760596
12-Aug-2016 00:00,13-Aug-2016 00:00,8413.53177239404
13-Aug-2016 00:00,14-Aug-2016 00:00,10095.0
14-Aug-2016 00:00,15-Aug-2016 00:00,9097.0
15-Aug-2016 00:00,16-Aug-2016 00:00,12514.0
16-Aug-2016 00:00,17-Aug-2016 00:00,8151.0
17-Aug-2016 00:00,18-Aug-2016 00:00,9641.0
18-Aug-2016 00:00,19-Aug-2016 00:00,6820.0
19-Aug-2016 00:00,20-Aug-2016 00:00,8692.0
20-Aug-2016 00:00,21-Aug-2016 00:00,5307.0
21-Aug-2016 00:00,22-Aug-2016 00:00,3528.0
22-Aug-2016 00:00,23-Aug-2016 00:00,6531.0
23-Aug-2016 00:00,24-Aug-2016 00:00,5876.0
24-Aug-2016 00:00,25-Aug-2016 00:00,3044.0
25-Aug-2016 00:00,26-Aug-2016 00:00,90.0
26-Aug-2016 00:00,27-Aug-2016 00:00,4601.0
27-Aug-2016 00:00,28-Aug-2016 00:00,3700.0
28-Aug-2016 00:00,29-Aug-2016 00:00,565.0
29-Aug-2016 00:00,30-Aug-2016 00:00,3959.0
30-Aug-2016 00:00,31-Aug-2016 00:00,2310.0
31-Aug-2016 00:00,01-Sep-2016 00:00,298.0
01-Sep-2016 00:00,02-Sep-2016 00:00,2617.0
02-Sep-2016 00:00,03-Sep-2016 00:00,9150.0
03-Sep-2016 00:00,04-Sep-2016 00:00,9914.0
04-Sep-2016 00:00,05-Sep-2016 00:00,8185.0
05-Sep-2016 00:00,06-Sep-2016 00:00,5855.0
06-Sep-2016 00:00,07-Sep-2016 00:00,5185.0
07-Sep-2016 00:00,08-Sep-2016 00:00,239.0
08-Sep-2016 00:00,09-Sep-2016 00:00,11212.0
09-Sep-2016 00:00,10-Sep-2016 00:00,4960.0
10-Sep-2016 00:00,11-Sep-2016 00:00,4589.0
11-Sep-2016 00:00,12-Sep-2016 00:00,3317.0
12-Sep-2016 00:00,13-Sep-2016 00:00,7227.0
13-Sep-2016 00:00,14-Sep-2016 00:00,3592.0
14-Sep-2016 00:00,15-Sep-2016 00:00,2272.0
15-Sep-2016 00:00,16-Sep-2016 00:00,1589.0
16-Sep-2016 00:00,17-Sep-2016 00:00,377.0
17-Sep-2016 00:00,18-Sep-2016 00:00,15758.0
18-Sep-2016 00:00,19-Sep-2016 00:00,2631.0
19-Sep-2016 00:00,20-Sep-2016 00:00,8991.0
20-Sep-2016 00:00,21-Sep-2016 00:00,9319.0
21-Sep-2016 00:00,22-Sep-2016 00:00,2039.0
22-Sep-2016 00:00,23-Sep-2016 00:00,2240.0
23-Sep-2016 00:00,24-Sep-2016 00:00,9546.0
24-Sep-2016 00:00,25-Sep-2016 00:00,8268.0
25-Sep-2016 00:00,26-Sep-2016 00:00,11808.0
26-Sep-2016 00:00,27-Sep-2016 00:00,5657.0
27-Sep-2016 00:00,28-Sep-2016 00:00,3852.0
28-Sep-2016 00:00,29-Sep-2016 00:00,4507.0
29-Sep-2016 00:00,30-Sep-2016 00:00,2939.0
30-Sep-2016 00:00,01-Oct-2016 00:00,3843.0
01-Oct-2016 00:00,02-Oct-2016 00:00,5961.0
02-Oct-2016 00:00,03-Oct-2016 00:00,10338.0
03-Oct-2016 00:00,04-Oct-2016 00:00,8756.0
04-Oct-2016 00:00,05-Oct-2016 00:00,4010.0
05-Oct-2016 00:00,06-Oct-2016 00:00,8354.0
06-Oct-2016 00:00,07-Oct-2016 00:00,2183.0
07-Oct-2016 00:00,08-Oct-2016 00:00,3589.0
08-Oct-2016 00:00,09-Oct-2016 00:00,7676.0
09-Oct-2016 00:00,10-Oct-2016 00:00,5996.0
10-Oct-2016 00:00,11-Oct-2016 00:00,6978.0
11-Oct-2016 00:00,12-Oct-2016 00:00,14913.0
12-Oct-2016 00:00,13-Oct-2016 00:00,26997.0
13-Oct-2016 00:00,14-Oct-2016 00:00,19253.0
14-Oct-2016 00:00,15-Oct-2016 00:00,7082.0
15-Oct-2016 00:00,16-Oct-2016 00:00,3375.0
16-Oct-2016 00:00,17-Oct-2016 00:00,12223.0
17-Oct-2016 00:00,18-Oct-2016 00:00,5051.0
18-Oct-2016 00:00,19-Oct-2016 00:00,5342.0
19-Oct-2016 00:00,20-Oct-2016 00:00,5523.0
20-Oct-2016 00:00,21-Oct-2016 00:00,3644.0
21-Oct-2016 00:00,22-Oct-2016 00:00,8086.0
22-Oct-2016 00:00,23-Oct-2016 00:00,3679.0
23-Oct-2016 00:00,24-Oct-2016 00:00,92.0
24-Oct-2016 00:00,25-Oct-2016 00:00,5191.0
25-Oct-2016 00:00,26-Oct-2016 00:00,4493.0
26-Oct-2016 00:00,27-Oct-2016 00:00,2986.0
27-Oct-2016 00:00,28-Oct-2016 00:00,4470.0
28-Oct-2016 00:00,29-Oct-2016 00:00,6636.0
29-Oct-2016 00:00,30-Oct-2016 00:00,4893.0
30-Oct-2016 00:00,31-Oct-2016 00:00,5025.0
31-Oct-2016 00:00,01-Nov-2016 00:00,1839.0
01-Nov-2016 00:00,02-Nov-2016 00:00,8382.0
02-Nov-2016 00:00,03-Nov-2016 00:00,2355.0
03-Nov-2016 00:00,04-Nov-2016 00:00,3413.0
04-Nov-2016 00:00,05-Nov-2016 00:00,11083.0
05-Nov-2016 00:00,06-Nov-2016 00:00,6170.0
06-Nov-2016 00:00,07-Nov-2016 00:00,5600.0
07-Nov-2016 00:00,08-Nov-2016 00:00,1734.0
08-Nov-2016 00:00,09-Nov-2016 00:00,2457.0
09-Nov-2016 00:00,10-Nov-2016 00:00,2099.0
10-Nov-2016 00:00,11-Nov-2016 00:00,1059.0
11-Nov-2016 00:00,12-Nov-2016 00:00,11035.0
12-Nov-2016 00:00,13-Nov-2016 00:00,5837.0
13-Nov-2016 00:00,14-Nov-2016 00:00,3685.0
14-Nov-2016 00:00,15-Nov-2016 00:00,3608.0
15-Nov-2016 00:00,16-Nov-2016 00:00,3033.0
16-Nov-2016 00:00,17-Nov-2016 00:00,2578.0
17-Nov-2016 00:00,18-Nov-2016 00:00,2394.0
18-Nov-2016 00:00,19-Nov-2016 00:00,6682.0
19-Nov-2016 00:00,20-Nov-2016 00:00,855.0
20-Nov-2016 00:00,21-Nov-2016 00:00,2960.0
21-Nov-2016 00:00,22-Nov-2016 00:00,3728.0
22-Nov-2016 00:00,23-Nov-2016 00:00,4363.0
23-Nov-2016 00:00,24-Nov-2016 00:00,4782.0
24-Nov-2016 00:00,25-Nov-2016 00:00,5247.0
25-Nov-2016 00:00,26-Nov-2016 00:00,10069.0
26-Nov-2016 00:00,27-Nov-2016 00:00,3799.0
27-Nov-2016 00:00,28-Nov-2016 00:00,7222.0
28-Nov-2016 00:00,29-Nov-2016 00:00,3787.0
29-Nov-2016 00:00,30-Nov-2016 00:00,9006.0
30-Nov-2016 00:00,01-Dec-2016 00:00,7144.0
01-Dec-2016 00:00,02-Dec-2016 00:00,2129.0
02-Dec-2016 00:00,03-Dec-2016 00:00,1062.0
03-Dec-2016 00:00,04-Dec-2016 00:00,10774.0
04-Dec-2016 00:00,05-Dec-2016 00:00,563.0
05-Dec-2016 00:00,06-Dec-2016 00:00,5062.0
06-Dec-2016 00:00,07-Dec-2016 00:00,2440.0
07-Dec-2016 00:00,08-Dec-2016 00:00,5537.0
08-Dec-2016 00:00,09-Dec-2016 00:00,6602.0
09-Dec-2016 00:00,10-Dec-2016 00:00,7656.0
10-Dec-2016 00:00,11-Dec-2016 00:00,8304.0
11-Dec-2016 00:00,12-Dec-2016 00:00,2637.0
12-Dec-2016 00:00,13-Dec-2016 00:00,1002.0
13-Dec-2016 00:00,14-Dec-2016 00:00,730.0
14-Dec-2016 00:00,15-Dec-2016 00:00,2401.0
15-Dec-2016 00:00,16-Dec-2016 00:00,4991.0
16-Dec-2016 00:00,17-Dec-2016 00:00,1574.0
17-Dec-2016 00:00,18-Dec-2016 00:00,120.0
18-Dec-2016 00:00,19-Dec-2016 00:00,1351.0
19-Dec-2016 00:00,20-Dec-2016 00:00,4485.0
20-Dec-2016 00:00,21-Dec-2016 00:00,6429.0
21-Dec-2016 00:00,22-Dec-2016 00:00,3417.0
22-Dec-2016 00:00,23-Dec-2016 00:00,3786.0
23-Dec-2016 00:00,24-Dec-2016 00:00,4772.0
24-Dec-2016 00:00,25-Dec-2016 00:00,8990.0
25-Dec-2016 00:00,26-Dec-2016 00:00,7545.0
26-Dec-2016 00:00,27-Dec-2016 00:00,7929.0
27-Dec-2016 00:00,28-Dec-2016 00:00,4405.0
28-Dec-2016 00:00,29-Dec-2016 00:00,4417.0
29-Dec-2016 00:00,30-Dec-2016 00:00,5842.0
30-Dec-2016 00:00,31-Dec-2016 00:00,15118.0
31-Dec-2016 00:00,01-Jan-2017 00:00,9063.56776180973
01-Jan-2017 00:00,02-Jan-2017 00:00,8431.43223819027
02-Jan-2017 00:00,03-Jan-2017 00:00,3279.0
03-Jan-2017 00:00,04-Jan-2017 00:00,2553.0
04-Jan-2017 00:00,05-Jan-2017 00:00,7391.90430046838
05-Jan-2017 00:00,06-Jan-2017 00:00,3866.09569953162
06-Jan-2017 00:00,07-Jan-2017 00:00,5928.0
07-Jan-2017 00:00,08-Jan-2017 00:00,8348.0
08-Jan-2017 00:00,09-Jan-2017 00:00,5979.0
09-Jan-2017 00:00,10-Jan-2017 00:00,3950.0
10-Jan-2017 00:00,11-Jan-2017 00:00,13294.0
11-Jan-2017 00:00,12-Jan-2017 00:00,4291.0
12-Jan-2017 00:00,13-Jan-2017 00:00,6921.0
13-Jan-2017 00:00,14-Jan-2017 00:00,7324.0
14-Jan-2017 00:00,15-Jan-2017 00:00,5962.0
15-Jan-2017 00:00,16-Jan-2017 00:00,7001.0
16-Jan-2017 00:00,17-Jan-2017 00:00,7468.0
17-Jan-2017 00:00,18-Jan-2017 00:00,5052.0
18-Jan-2017 00:00,19-Jan-2017 00:00,5471.0
19-Jan-2017 00:00,20-Jan-2017 00:00,7657.0
20-Jan-2017 00:00,21-Jan-2017 00:00,11047.0
21-Jan-2017 00:00,22-Jan-2017 00:00,2911.0
22-Jan-2017 00:00,23-Jan-2017 00:00,3982.0
23-Jan-2017 00:00,24-Jan-2017 00:00,14692.0
24-Jan-2017 00:00,25-Jan-2017 00:00,4084.0
25-Jan-2017 00:00,26-Jan-2017 00:00,2413.0
26-Jan-2017 00:00,27-Jan-2017 00:00,9160.0
27-Jan-2017 00:00,28-Jan-2017 00:00,8100.0
28-Jan-2017 00:00,29-Jan-2017 00:00,10637.0
29-Jan-2017 00:00,30-Jan-2017 00:00,14604.0
30-Jan-2017 00:00,31-Jan-2017 00:00,19280.8071829492
31-Jan-2017 00:00,01-Feb-2017 00:00,16349.1928170508
01-Feb-2017 00:00,02-Feb-2017 00:00,16506.0
02-Feb-2017 00:00,03-Feb-2017 00:00,14041.0
03-Feb-2017 00:00,04-Feb-2017 00:00,18236.0
04-Feb-2017 00:00,05-Feb-2017 00:00,7708.0
05-Feb-2017 00:00,06-Feb-2017 00:00,3963.0
06-Feb-2017 00:00,07-Feb-2017 00:00,7806.0
07-Feb-2017 00:00,08-Feb-2017 00:00,2395.0
08-Feb-2017 00:00,09-Feb-2017 00:00,10500.0
09-Feb-2017 00:00,10-Feb-2017 00:00,2506.0
10-Feb-2017 00:00,11-Feb-2017 00:00,1315.0
11-Feb-2017 00:00,12-Feb-2017 00:00,5792.0
12-Feb-2017 00:00,13-Feb-2017 00:00,3016.0
13-Feb-2017 00:00,14-Feb-2017 00:00,26.0
14-Feb-2017 00:00,15-Feb-2017 00:00,4842.0
15-Feb-2017 00:00,16-Feb-2017 00:00,3472.0
16-Feb-2017 00:00,17-Feb-2017 00:00,7537.0
17-Feb-2017 00:00,18-Feb-2017 00:00,827.0
18-Feb-2017 00:00,19-Feb-2017 00:00,2790.0
19-Feb-2017 00:00,20-Feb-2017 00:00,2585.0
20-Feb-2017 00:00,21-Feb-2017 00:00,2681.0
21-Feb-2017 00:00,22-Feb-2017 00:00,1253.0
22-Feb-2017 00:00,23-Feb-2017 00:00,4661.0
23-Feb-2017 00:00,24-Feb-2017 00:00,2253.0
24-Feb-2017 00:00,25-Feb-2017 00:00,4138.0
25-Feb-2017 00:00,26-Feb-2017 00:00,2344.0
26-Feb-2017 00:00,27-Feb-2017 00:00,3128.0
27-Feb-2017 00:00,28-Feb-2017 00:00,880.0
28-Feb-2017 00:00,01-Mar-2017 00:00,4147.0
01-Mar-2017 00:00,02-Mar-2017 00:00,5723.0
02-Mar-2017 00:00,03-Mar-2017 00:00,3702.0
03-Mar-2017 00:00,04-Mar-2017 00:00,497.0
04-Mar-2017 00:00,05-Mar-2017 00:00,5513.0
05-Mar-2017 00:00,06-Mar-2017 00:00,2111.0
06-Mar-2017 00:00,07-Mar-2017 00:00,5366.0
07-Mar-2017 00:00,08-Mar-2017 00:00,4074.0
08-Mar-2017 00:00,09-Mar-2017 00:00,1705.0
09-Mar-2017 00:00,10-Mar-2017 00:00,4123.0
10-Mar-2017 00:00,11-Mar-2017 00:00,2137.0
11-Mar-2017 00:00,12-Mar-2017 00:00,2108.0
12-Mar-2017 00:00,13-Mar-2017 00:00,1957.0
13-Mar-2017 00:00,14-Mar-2017 00:00,844.0
14-Mar-2017 00:00,15-Mar-2017 00:00,3202.0
15-Mar-2017 00:00,16-Mar-2017 00:00,586.0
16-Mar-2017 00:00,17-Mar-2017 00:00,4557.53341820432
17-Mar-2017 00:00,18-Mar-2017 00:00,10378.4665817957
18-Mar-2017 00:00,19-Mar-2017 00:00,12297.0
19-Mar-2017 00:00,20-Mar-2017 00:00,6635.0
20-Mar-2017 00:00,21-Mar-2017 00:00,2218.0
21-Mar-2017 00:00,22-Mar-2017 00:00,5343.0
22-Mar-2017 00:00,23-Mar-2017 00:00,8258.0
23-Mar-2017 00:00,24-Mar-2017 00:00,4042.0
24-Mar-2017 00:00,25-Mar-2017 00:00,99.4884811829548
25-Mar-2017 00:00,26-Mar-2017 00:00,5690.51151881704
26-Mar-2017 00:00,27-Mar-2017 00:00,1466.0
27-Mar-2017 00:00,28-Mar-2017 00:00,2556.0
28-Mar-2017 00:00,29-Mar-2017 00:00,1163.0
29-Mar-2017 00:00,30-Mar-2017 00:00,1261.0
30-Mar-2017 00:00,31-Mar-2017 00:00,417.0
31-Mar-2017 00:00,01-Apr-2017 00:00,758.0
01-Apr-2017 00:00,02-Apr-2017 00:00,2166.0
02-Apr-2017 00:00,03-Apr-2017 00:00,39.0
03-Apr-2017 00:00,04-Apr-2017 00:00,1335.0
04-Apr-2017 00:00,05-Apr-2017 00:00,3450.0
05-Apr-2017 00:00,06-Apr-2017 00:00,1608.0
06-Apr-2017 00:00,07-Apr-2017 00:00,1782.29877231142
07-Apr-2017 00:00,08-Apr-2017 00:00,15988.7012276886
08-Apr-2017 00:00,09-Apr-2017 00:00,7290.0
09-Apr-2017 00:00,10-Apr-2017 00:00,2947.0
10-Apr-2017 00:00,11-Apr-2017 00:00,1860.0
11-Apr-2017 00:00,12-Apr-2017 00:00,2713.0
12-Apr-2017 00:00,13-Apr-2017 00:00,1509.0
13-Apr-2017 00:00,14-Apr-2017 00:00,1585.0
14-Apr-2017 00:00,15-Apr-2017 00:00,2488.0
15-Apr-2017 00:00,16-Apr-2017 00:00,5050.07279089265
16-Apr-2017 00:00,17-Apr-2017 00:00,8356.92720910735
17-Apr-2017 00:00,18-Apr-2017 00:00,5932.0
18-Apr-2017 00:00,19-Apr-2017 00:00,2331.0
19-Apr-2017 00:00,20-Apr-2017 00:00,4734.0
20-Apr-2017 00:00,21-Apr-2017 00:00,2678.0
21-Apr-2017 00:00,22-Apr-2017 00:00,9735.0
22-Apr-2017 00:00,23-Apr-2017 00:00,1414.0
23-Apr-2017 00:00,24-Apr-2017 00:00,4156.0
24-Apr-2017 00:00,25-Apr-2017 00:00,5598.0
25-Apr-2017 00:00,26-Apr-2017 00:00,6353.0
26-Apr-2017 00:00,27-Apr-2017 00:00,7615.0
27-Apr-2017 00:00,28-Apr-2017 00:00,4778.0
28-Apr-2017 00:00,29-Apr-2017 00:00,3586.0
29-Apr-2017 00:00,30-Apr-2017 00:00,7762.0
30-Apr-2017 00:00,01-May-2017 00:00,2423.0
01-May-2017 00:00,02-May-2017 00:00,2765.0
02-May-2017 00:00,03-May-2017 00:00,2911.0
03-May-2017 00:00,04-May-2017 00:00,5975.0
04-May-2017 00:00,05-May-2017 00:00,3175.0
05-May-2017 00:00,06-May-2017 00:00,8011.0
06-May-2017 00:00,07-May-2017 00:00,5740.0
07-May-2017 00:00,08-May-2017 00:00,6619.0
08-May-2017 00:00,09-May-2017 00:00,2114.0
09-May-2017 00:00,10-May-2017 00:00,2484.0
10-May-2017 00:00,11-May-2017 00:00,6150.0
11-May-2017 00:00,12-May-2017 00:00,5127.0
12-May-2017 00:00,13-May-2017 00:00,8499.0
13-May-2017 00:00,14-May-2017 00:00,6779.0
14-May-2017 00:00,15-May-2017 00:00,6960.0
15-May-2017 00:00,16-May-2017 00:00,6027.0
16-May-2017 00:00,17-May-2017 00:00,1772.0
17-May-2017 00:00,18-May-2017 00:00,7874.0
18-May-2017 00:00,19-May-2017 00:00,13280.0
19-May-2017 00:00,20-May-2017 00:00,11859.0
20-May-2017 00:00,21-May-2017 00:00,3730.0
21-May-2017 00:00,22-May-2017 00:00,8288.0
22-May-2017 00:00,23-May-2017 00:00,6972.0
23-May-2017 00:00,24-May-2017 00:00,173.0
24-May-2017 00:00,25-May-2017 00:00,8690.0
25-May-2017 00:00,26-May-2017 00:00,4563.0
26-May-2017 00:00,27-May-2017 00:00,5234.0
27-May-2017 00:00,28-May-2017 00:00,12932.0
28-May-2017 00:00,29-May-2017 00:00,1886.0
29-May-2017 00:00,30-May-2017 00:00,3206.0
30-May-2017 00:00,31-May-2017 00:00,2229.0
31-May-2017 00:00,01-Jun-2017 00:00,4420.0
01-Jun-2017 00:00,02-Jun-2017 00:00,3622.0
02-Jun-2017 00:00,03-Jun-2017 00:00,3003.0
03-Jun-2017 00:00,04-Jun-2017 00:00,10641.0
04-Jun-2017 00:00,05-Jun-2017 00:00,5963.0
05-Jun-2017 00:00,06-Jun-2017 00:00,2145.0
06-Jun-2017 00:00,07-Jun-2017 00:00,4946.0
07-Jun-2017 00:00,08-Jun-2017 00:00,2452.0
08-Jun-2017 00:00,09-Jun-2017 00:00,12602.0
09-Jun-2017 00:00,10-Jun-2017 00:00,13859.0
10-Jun-2017 00:00,11-Jun-2017 00:00,10853.0
11-Jun-2017 00:00,12-Jun-2017 00:00,8740.0
12-Jun-2017 00:00,13-Jun-2017 00:00,8293.0
13-Jun-2017 00:00,14-Jun-2017 00:00,3479.0
14-Jun-2017 00:00,15-Jun-2017 00:00,5350.0
15-Jun-2017 00:00,16-Jun-2017 00:00,4375.0
16-Jun-2017 00:00,17-Jun-2017 00:00,10627.0
17-Jun-2017 00:00,18-Jun-2017 00:00,1156.0
18-Jun-2017 00:00,19-Jun-2017 00:00,4189.0
19-Jun-2017 00:00,20-Jun-2017 00:00,3726.0
20-Jun-2017 00:00,21-Jun-2017 00:00,2193.0
21-Jun-2017 00:00,22-Jun-2017 00:00,4198.0
22-Jun-2017 00:00,23-Jun-2017 00:00,7314.0
23-Jun-2017 00:00,24-Jun-2017 00:00,7182.51568800168
24-Jun-2017 00:00,25-Jun-2017 00:00,11683.4843119983
25-Jun-2017 00:00,26-Jun-2017 00:00,1260.0
26-Jun-2017 00:00,27-Jun-2017 00:00,7537.0
27-Jun-2017 00:00,28-Jun-2017 00:00,6633.0
28-Jun-2017 00:00,29-Jun-2017 00:00,2081.0
29-Jun-2017 00:00,30-Jun-2017 00:00,7020.0
30-Jun-2017 00:00,01-Jul-2017 00:00,9243.0
01-Jul-2017 00:00,02-Jul-2017 00:00,6963.0
02-Jul-2017 00:00,03-Jul-2017 00:00,5633.0
03-Jul-2017 00:00,04-Jul-2017 00:00,2970.0
04-Jul-2017 00:00,05-Jul-2017 00:00,1308.0
05-Jul-2017 00:00,06-Jul-2017 00:00,2828.0
06-Jul-2017 00:00,07-Jul-2017 00:00,7153.0
07-Jul-2017 00:00,08-Jul-2017 00:00,4408.0
08-Jul-2017 00:00,09-Jul-2017 00:00,11973.0
09-Jul-2017 00:00,10-Jul-2017 00:00,1619.0
10-Jul-2017 00:00,11-Jul-2017 00:00,11267.0
11-Jul-2017 00:00,12-Jul-2017 00:00,8425.0
12-Jul-2017 00:00,13-Jul-2017 00:00,11691.0
13-Jul-2017 00:00,14-Jul-2017 00:00,15630.0
14-Jul-2017 00:00,15-Jul-2017 00:00,2984.0
15-Jul-2017 00:00,16-Jul-2017 00:00,3513.0
16-Jul-2017 00:00,17-Jul-2017 00:00,3710.0
17-Jul-2017 00:00,18-Jul-2017 00:00,2796.0
18-Jul-2017 00:00,19-Jul-2017 00:00,2114.0
19-Jul-2017 00:00,20-Jul-2017 00:00,3031.0
20-Jul-2017 00:00,21-Jul-2017 00:00,644.0
21-Jul-2017 00:00,22-Jul-2017 00:00,3034.0
22-Jul-2017 00:00,23-Jul-2017 00:00,767.0
23-Jul-2017 00:00,24-Jul-2017 00:00,5748.0
24-Jul-2017 00:00,25-Jul-2017 00:00,143.0
25-Jul-2017 00:00,26-Jul-2017 00:00,753.0
26-Jul-2017 00:00,27-Jul-2017 00:00,1897.95197877853
27-Jul-2017 00:00,28-Jul-2017 00:00,2454.04802122147
28-Jul-2017 00:00,29-Jul-2017 00:00,2770.0
29-Jul-2017 00:00,30-Jul-2017 00:00,2504.0
30-Jul-2017 00:00,31-Jul-2017 00:00,1810.0
31-Jul-2017 00:00,01-Aug-2017 00:00,8429.0
01-Aug-2017 00:00,02-Aug-2017 00:00,5670.0
02-Aug-2017 00:00,03-Aug-2017 00:00,875.0
03-Aug-2017 00:00,04-Aug-2017 00:00,3671.0
04-Aug-2017 00:00,05-Aug-2017 00:00,2362.0
05-Aug-2017 00:00,06-Aug-2017 00:00,3248.0
06-Aug-2017 00:00,07-Aug-2017 00:00,2982.0
07-Aug-2017 00:00,08-Aug-2017 00:00,2572.0
08-Aug-2017 00:00,09-Aug-2017 00:00,2131.0
09-Aug-2017 00:00,10-Aug-2017 00:00,3048.0
10-Aug-2017 00:00,11-Aug-2017 00:00,4244.0
11-Aug-2017 00:00,12-Aug-2017 00:00,1422.0
12-Aug-2017 00:00,13-Aug-2017 00:00,2968.0
13-Aug-2017 00:00,14-Aug-2017 00:00,5066.0
14-Aug-2017 00:00,15-Aug-2017 00:00,3365.0
15-Aug-2017 00:00,16-Aug-2017 00:00,6442.0
16-Aug-2017 00:00,17-Aug-2017 00:00,1703.0
17-Aug-2017 00:00,18-Aug-2017 00:00,2337.0
18-Aug-2017 00:00,19-Aug-2017 00:00,6897.0
19-Aug-2017 00:00,20-Aug-2017 00:00,21689.0
20-Aug-2017 00:00,21-Aug-2017 00:00,16078.0
21-Aug-2017 00:00,22-Aug-2017 00:00,15193.0
22-Aug-2017 00:00,23-Aug-2017 00:00,23798.4386361747
23-Aug-2017 00:00,24-Aug-2017 00:00,24359.5613638253
24-Aug-2017 00:00,25-Aug-2017 00:00,18285.0
25-Aug-2017 00:00,26-Aug-2017 00:00,13504.0
26-Aug-2017 00:00,27-Aug-2017 00:00,14123.0
27-Aug-2017 00:00,28-Aug-2017 00:00,18077.0
28-Aug-2017 00:00,29-Aug-2017 00:00,17179.0
29-Aug-2017 00:00,30-Aug-2017 00:00,21112.0
30-Aug-2017 00:00,31-Aug-2017 00:00,22622.0
31-Aug-2017 00:00,01-Sep-2017 00:00,6683.0
01-Sep-2017 00:00,02-Sep-2017 00:00,11597.0
02-Sep-2017 00:00,03-Sep-2017 00:00,7701.0
03-Sep-2017 00:00,04-Sep-2017 00:00,4255.0
04-Sep-2017 00:00,05-Sep-2017 00:00,5719.0
05-Sep-2017 00:00,06-Sep-2017 00:00,989.0
06-Sep-2017 00:00,07-Sep-2017 00:00,580.0
07-Sep-2017 00:00,08-Sep-2017 00:00,672.0
08-Sep-2017 00:00,09-Sep-2017 00:00,2105.0
09-Sep-2017 00:00,10-Sep-2017 00:00,701.0
10-Sep-2017 00:00,11-Sep-2017 00:00,2333.0
11-Sep-2017 00:00,12-Sep-2017 00:00,2033.0
12-Sep-2017 00:00,13-Sep-2017 00:00,1756.0
13-Sep-2017 00:00,14-Sep-2017 00:00,2396.0
14-Sep-2017 00:00,15-Sep-2017 00:00,156.0
15-Sep-2017 00:00,16-Sep-2017 00:00,5105.0
16-Sep-2017 00:00,17-Sep-2017 00:00,1950.0
17-Sep-2017 00:00,18-Sep-2017 00:00,6282.0
18-Sep-2017 00:00,19-Sep-2017 00:00,4068.0
19-Sep-2017 00:00,20-Sep-2017 00:00,4127.0
20-Sep-2017 00:00,21-Sep-2017 00:00,3280.0
21-Sep-2017 00:00,22-Sep-2017 00:00,3864.0
22-Sep-2017 00:00,23-Sep-2017 00:00,4745.0
23-Sep-2017 00:00,24-Sep-2017 00:00,9800.0
24-Sep-2017 00:00,25-Sep-2017 00:00,6906.0
25-Sep-2017 00:00,26-Sep-2017 00:00,4581.0
26-Sep-2017 00:00,27-Sep-2017 00:00,8899.0
27-Sep-2017 00:00,28-Sep-2017 00:00,3648.0
28-Sep-2017 00:00,29-Sep-2017 00:00,2552.0
29-Sep-2017 00:00,30-Sep-2017 00:00,3312.0
30-Sep-2017 00:00,01-Oct-2017 00:00,6218.0
01-Oct-2017 00:00,02-Oct-2017 00:00,3557.0
02-Oct-2017 00:00,03-Oct-2017 00:00,6356.0
03-Oct-2017 00:00,04-Oct-2017 00:00,346.0
04-Oct-2017 00:00,05-Oct-2017 00:00,2299.0
05-Oct-2017 00:00,06-Oct-2017 00:00,1675.0
06-Oct-2017 00:00,07-Oct-2017 00:00,1588.0
07-Oct-2017 00:00,08-Oct-2017 00:00,1867.0
08-Oct-2017 00:00,09-Oct-2017 00:00,2349.0
09-Oct-2017 00:00,10-Oct-2017 00:00,1629.0
10-Oct-2017 00:00,11-Oct-2017 00:00,8067.0
11-Oct-2017 00:00,12-Oct-2017 00:00,1572.0
12-Oct-2017 00:00,13-Oct-2017 00:00,3850.0
13-Oct-2017 00:00,14-Oct-2017 00:00,8606.0
14-Oct-2017 00:00,15-Oct-2017 00:00,7955.0
15-Oct-2017 00:00,16-Oct-2017 00:00,3860.0
16-Oct-2017 00:00,17-Oct-2017 00:00,1653.0
17-Oct-2017 00:00,18-Oct-2017 00:00,3515.0
18-Oct-2017 00:00,19-Oct-2017 00:00,3577.0
19-Oct-2017 00:00,20-Oct-2017 00:00,3796.0
20-Oct-2017 00:00,21-Oct-2017 00:00,2685.0
21-Oct-2017 00:00,22-Oct-2017 00:00,1698.0
22-Oct-2017 00:00,23-Oct-2017 00:00,5964.0
23-Oct-2017 00:00,24-Oct-2017 00:00,6580.0
24-Oct-2017 00:00,25-Oct-2017 00:00,5992.0
25-Oct-2017 00:00,26-Oct-2017 00:00,4422.0
26-Oct-2017 00:00,27-Oct-2017 00:00,2501.0
27-Oct-2017 00:00,28-Oct-2017 00:00,2694.0
28-Oct-2017 00:00,29-Oct-2017 00:00,5432.0
29-Oct-2017 00:00,30-Oct-2017 00:00,4155.0
30-Oct-2017 00:00,31-Oct-2017 00:00,5421.0
31-Oct-2017 00:00,01-Nov-2017 00:00,462.0
01-Nov-2017 00:00,02-Nov-2017 00:00,12666.0
02-Nov-2017 00:00,03-Nov-2017 00:00,8002.0
03-Nov-2017 00:00,04-Nov-2017 00:00,7555.0
04-Nov-2017 00:00,05-Nov-2017 00:00,7087.0
05-Nov-2017 00:00,06-Nov-2017 00:00,9710.0
06-Nov-2017 00:00,07-Nov-2017 00:00,6213.0
07-Nov-2017 00:00,08-Nov-2017 00:00,5572.0
08-Nov-2017 00:00,09-Nov-2017 00:00,5930.0
09-Nov-2017 00:00,10-Nov-2017 00:00,5450.0
10-Nov-2017 00:00,11-Nov-2017 00:00,2972.0
11-Nov-2017 00:00,12-Nov-2017 00:00,9720.0
12-Nov-2017 00:00,13-Nov-2017 00:00,6337.0
13-Nov-2017 00:00,14-Nov-2017 00:00,4753.0
14-Nov-2017 00:00,15-Nov-2017 00:00,340.0
15-Nov-2017 00:00,16-Nov-2017 00:00,4466.0
16-Nov-2017 00:00,17-Nov-2017 00:00,3113.0
17-Nov-2017 00:00,18-Nov-2017 00:00,2752.0
18-Nov-2017 00:00,19-Nov-2017 00:00,1979.0
19-Nov-2017 00:00,20-Nov-2017 00:00,1916.0
20-Nov-2017 00:00,21-Nov-2017 00:00,3599.0
21-Nov-2017 00:00,22-Nov-2017 00:00,3954.0
22-Nov-2017 00:00,23-Nov-2017 00:00,1442.0
23-Nov-2017 00:00,24-Nov-2017 00:00,1599.0
24-Nov-2017 00:00,25-Nov-2017 00:00,4267.0
25-Nov-2017 00:00,26-Nov-2017 00:00,2524.0
26-Nov-2017 00:00,27-Nov-2017 00:00,8047.0
27-Nov-2017 00:00,28-Nov-2017 00:00,1153.0
28-Nov-2017 00:00,29-Nov-2017 00:00,6667.0
29-Nov-2017 00:00,30-Nov-2017 00:00,2207.0
30-Nov-2017 00:00,01-Dec-2017 00:00,5796.0
01-Dec-2017 00:00,02-Dec-2017 00:00,10472.0
02-Dec-2017 00:00,03-Dec-2017 00:00,19597.0
03-Dec-2017 00:00,04-Dec-2017 00:00,3797.0
04-Dec-2017 00:00,05-Dec-2017 00:00,5811.0
05-Dec-2017 00:00,06-Dec-2017 00:00,8789.0
06-Dec-2017 00:00,07-Dec-2017 00:00,10875.0
07-Dec-2017 00:00,08-Dec-2017 00:00,8725.0
08-Dec-2017 00:00,09-Dec-2017 00:00,7759.0
09-Dec-2017 00:00,10-Dec-2017 00:00,7431.0
10-Dec-2017 00:00,11-Dec-2017 00:00,5157.0
11-Dec-2017 00:00,12-Dec-2017 00:00,6629.0
12-Dec-2017 00:00,13-Dec-2017 00:00,4068.0
13-Dec-2017 00:00,14-Dec-2017 00:00,3845.0
14-Dec-2017 00:00,15-Dec-2017 00:00,9465.0
15-Dec-2017 00:00,16-Dec-2017 00:00,15863.0
16-Dec-2017 00:00,17-Dec-2017 00:00,9180.0
17-Dec-2017 00:00,18-Dec-2017 00:00,2738.0
18-Dec-2017 00:00,19-Dec-2017 00:00,1089.0
19-Dec-2017 00:00,20-Dec-2017 00:00,1617.0
20-Dec-2017 00:00,21-Dec-2017 00:00,6122.0
21-Dec-2017 00:00,22-Dec-2017 00:00,3484.0
22-Dec-2017 00:00,23-Dec-2017 00:00,11841.0
23-Dec-2017 00:00,24-Dec-2017 00:00,5422.0
24-Dec-2017 00:00,25-Dec-2017 00:00,6160.0
25-Dec-2017 00:00,26-Dec-2017 00:00,9355.0
26-Dec-2017 00:00,27-Dec-2017 00:00,4782.0
27-Dec-2017 00:00,28-Dec-2017 00:00,6278.0
28-Dec-2017 00:00,29-Dec-2017 00:00,3220.0
29-Dec-2017 00:00,30-Dec-2017 00:00,9084.0
30-Dec-2017 00:00,31-Dec-2017 00:00,7811.21765771468
31-Dec-2017 00:00,01-Jan-2018 00:00,5584.78234228532
01-Jan-2018 00:00,02-Jan-2018 00:00,557.0
02-Jan-2018 00:00,03-Jan-2018 00:00,1032.0
03-Jan-2018 00:00,04-Jan-2018 00:00,735.0
04-Jan-2018 00:00,05-Jan-2018 00:00,1564.0
05-Jan-2018 00:00,06-Jan-2018 00:00,10947.0
06-Jan-2018 00:00,07-Jan-2018 00:00,10317.0
07-Jan-2018 00:00,08-Jan-2018 00:00,6502.0
08-Jan-2018 00:00,09-Jan-2018 00:00,5374.0
09-Jan-2018 00:00,10-Jan-2018 00:00,3996.0
10-Jan-2018 00:00,11-Jan-2018 00:00,6342.0
11-Jan-2018 00:00,12-Jan-2018 00:00,6551.0
12-Jan-2018 00:00,13-Jan-2018 00:00,5154.0
13-Jan-2018 00:00,14-Jan-2018 00:00,11818.0
14-Jan-2018 00:00,15-Jan-2018 00:00,3498.0
15-Jan-2018 00:00,16-Jan-2018 00:00,6740.0
16-Jan-2018 00:00,17-Jan-2018 00:00,2770.0
17-Jan-2018 00:00,18-Jan-2018 00:00,13447.0
18-Jan-2018 00:00,19-Jan-2018 00:00,6068.0
19-Jan-2018 00:00,20-Jan-2018 00:00,4265.0
20-Jan-2018 00:00,21-Jan-2018 00:00,5193.0
21-Jan-2018 00:00,22-Jan-2018 00:00,5684.0
22-Jan-2018 00:00,23-Jan-2018 00:00,10752.0
23-Jan-2018 00:00,24-Jan-2018 00:00,9252.99719151997
24-Jan-2018 00:00,25-Jan-2018 00:00,11802.00280848
25-Jan-2018 00:00,26-Jan-2018 00:00,14260.0
26-Jan-2018 00:00,27-Jan-2018 00:00,16190.0
27-Jan-2018 00:00,28-Jan-2018 00:00,5225.0
28-Jan-2018 00:00,29-Jan-2018 00:00,7909.0
29-Jan-2018 00:00,30-Jan-2018 00:00,4105.0
30-Jan-2018 00:00,31-Jan-2018 00:00,2281.0
31-Jan-2018 00:00,01-Feb-2018 00:00,6563.0
01-Feb-2018 00:00,02-Feb-2018 00:00,2792.0
02-Feb-2018 00:00,03-Feb-2018 00:00,4852.0
03-Feb-2018 00:00,04-Feb-2018 00:00,1902.0
04-Feb-2018 00:00,05-Feb-2018 00:00,5599.51363168554
05-Feb-2018 00:00,06-Feb-2018 00:00,10500.4863683145
06-Feb-2018 00:00,07-Feb-2018 00:00,8385.0
07-Feb-2018 00:00,08-Feb-2018 00:00,5976.0
08-Feb-2018 00:00,09-Feb-2018 00:00,4162.0
09-Feb-2018 00:00,10-Feb-2018 00:00,6694.0
10-Feb-2018 00:00,11-Feb-2018 00:00,5864.0
11-Feb-2018 00:00,12-Feb-2018 00:00,11839.0
12-Feb-2018 00:00,13-Feb-2018 00:00,15022.0
13-Feb-2018 00:00,14-Feb-2018 00:00,10465.0
14-Feb-2018 00:00,15-Feb-2018 00:00,18371.5413843813
15-Feb-2018 00:00,16-Feb-2018 00:00,9471.45861561871
16-Feb-2018 00:00,17-Feb-2018 00:00,4306.0
17-Feb-2018 00:00,18-Feb-2018 00:00,14360.9690084823
18-Feb-2018 00:00,19-Feb-2018 00:00,17439.0309915177
19-Feb-2018 00:00,20-Feb-2018 00:00,11087.0
20-Feb-2018 00:00,21-Feb-2018 00:00,6031.0
21-Feb-2018 00:00,22-Feb-2018 00:00,9729.0
22-Feb-2018 00:00,23-Feb-2018 00:00,5117.0
23-Feb-2018 00:00,24-Feb-2018 00:00,140.0
24-Feb-2018 00:00,25-Feb-2018 00:00,6688.0
25-Feb-2018 00:00,26-Feb-2018 00:00,4871.0
26-Feb-2018 00:00,27-Feb-2018 00:00,8115.79286917078
27-Feb-2018 00:00,28-Feb-2018 00:00,6977.58700397668
28-Feb-2018 00:00,01-Mar-2018 00:00,3959.62012685254
01-Mar-2018 00:00,02-Mar-2018 00:00,6202.0
02-Mar-2018 00:00,03-Mar-2018 00:00,7263.0
03-Mar-2018 00:00,04-Mar-2018 00:00,5731.09683824854
04-Mar-2018 00:00,05-Mar-2018 00:00,4415.90316175146
05-Mar-2018 00:00,06-Mar-2018 00:00,5444.0
06-Mar-2018 00:00,07-Mar-2018 00:00,4973.0
07-Mar-2018 00:00,08-Mar-2018 00:00,1015.0
08-Mar-2018 00:00,09-Mar-2018 00:00,3966.0
09-Mar-2018 00:00,10-Mar-2018 00:00,2352.0
10-Mar-2018 00:00,11-Mar-2018 00:00,0.0
11-Mar-2018 00:00,12-Mar-2018 00:00,0.0
12-Mar-2018 00:00,13-Mar-2018 00:00,0.0
13-Mar-2018 00:00,14-Mar-2018 00:00,0.0
14-Mar-2018 00:00,15-Mar-2018 00:00,0.0
15-Mar-2018 00:00,16-Mar-2018 00:00,0.0
16-Mar-2018 00:00,17-Mar-2018 00:00,0.0
17-Mar-2018 00:00,18-Mar-2018 00:00,0.0
18-Mar-2018 00:00,19-Mar-2018 00:00,0.0
19-Mar-2018 00:00,20-Mar-2018 00:00,0.0
20-Mar-2018 00:00,21-Mar-2018 00:00,0.0
21-Mar-2018 00:00,22-Mar-2018 00:00,0.0
22-Mar-2018 00:00,23-Mar-2018 00:00,0.0
23-Mar-2018 00:00,24-Mar-2018 00:00,0.0
24-Mar-2018 00:00,25-Mar-2018 00:00,0.0
25-Mar-2018 00:00,26-Mar-2018 00:00,0.0
26-Mar-2018 00:00,27-Mar-2018 00:00,3473.0
27-Mar-2018 00:00,28-Mar-2018 00:00,2157.0
28-Mar-2018 00:00,29-Mar-2018 00:00,8031.0
29-Mar-2018 00:00,30-Mar-2018 00:00,5721.0
30-Mar-2018 00:00,31-Mar-2018 00:00,3513.0
31-Mar-2018 00:00,01-Apr-2018 00:00,5586.0
01-Apr-2018 00:00,02-Apr-2018 00:00,8283.0
02-Apr-2018 00:00,03-Apr-2018 00:00,5957.0
03-Apr-2018 00:00,04-Apr-2018 00:00,7934.0
04-Apr-2018 00:00,05-Apr-2018 00:00,13652.0
05-Apr-2018 00:00,06-Apr-2018 00:00,10880.0
06-Apr-2018 00:00,07-Apr-2018 00:00,14700.0
07-Apr-2018 00:00,08-Apr-2018 00:00,8417.0
08-Apr-2018 00:00,09-Apr-2018 00:00,4975.0
09-Apr-2018 00:00,10-Apr-2018 00:00,6150.0
10-Apr-2018 00:00,11-Apr-2018 00:00,5602.0
11-Apr-2018 00:00,12-Apr-2018 00:00,3714.0
12-Apr-2018 00:00,13-Apr-2018 00:00,3343.0
13-Apr-2018 00:00,14-Apr-2018 00:00,7551.0
14-Apr-2018 00:00,15-Apr-2018 00:00,11968.0
15-Apr-2018 00:00,16-Apr-2018 00:00,12089.0
16-Apr-2018 00:00,17-Apr-2018 00:00,9237.0
17-Apr-2018 00:00,18-Apr-2018 00:00,2484.0
18-Apr-2018 00:00,19-Apr-2018 00:00,2781.0
19-Apr-2018 00:00,20-Apr-2018 00:00,8433.0
20-Apr-2018 00:00,21-Apr-2018 00:00,4713.0
21-Apr-2018 00:00,22-Apr-2018 00:00,3497.0
22-Apr-2018 00:00,23-Apr-2018 00:00,2309.0
23-Apr-2018 00:00,24-Apr-2018 00:00,2821.0
24-Apr-2018 00:00,25-Apr-2018 00:00,6113.0
25-Apr-2018 00:00,26-Apr-2018 00:00,2806.0
26-Apr-2018 00:00,27-Apr-2018 00:00,2060.0
27-Apr-2018 00:00,28-Apr-2018 00:00,4156.0
28-Apr-2018 00:00,29-Apr-2018 00:00,3894.0
29-Apr-2018 00:00,30-Apr-2018 00:00,4867.0
30-Apr-2018 00:00,01-May-2018 00:00,11421.0
01-May-2018 00:00,02-May-2018 00:00,5401.0
02-May-2018 00:00,03-May-2018 00:00,5190.0
03-May-2018 00:00,04-May-2018 00:00,4457.0
04-May-2018 00:00,05-May-2018 00:00,1714.0
05-May-2018 00:00,06-May-2018 00:00,3027.0
06-May-2018 00:00,07-May-2018 00:00,3166.0
07-May-2018 00:00,08-May-2018 00:00,4151.0
08-May-2018 00:00,09-May-2018 00:00,11380.9255569471
09-May-2018 00:00,10-May-2018 00:00,4279.07444305292
10-May-2018 00:00,11-May-2018 00:00,4779.0
11-May-2018 00:00,12-May-2018 00:00,8639.0
12-May-2018 00:00,13-May-2018 00:00,1978.0
13-May-2018 00:00,14-May-2018 00:00,2609.0
14-May-2018 00:00,15-May-2018 00:00,5038.0
15-May-2018 00:00,16-May-2018 00:00,4687.0
16-May-2018 00:00,17-May-2018 00:00,4290.0
17-May-2018 00:00,18-May-2018 00:00,1684.0
18-May-2018 00:00,19-May-2018 00:00,3114.0
19-May-2018 00:00,20-May-2018 00:00,2339.0
20-May-2018 00:00,21-May-2018 00:00,1142.0
21-May-2018 00:00,22-May-2018 00:00,2327.0
22-May-2018 00:00,23-May-2018 00:00,3139.0
23-May-2018 00:00,24-May-2018 00:00,1997.0
24-May-2018 00:00,25-May-2018 00:00,7855.0
25-May-2018 00:00,26-May-2018 00:00,2276.0
26-May-2018 00:00,27-May-2018 00:00,1524.0
27-May-2018 00:00,28-May-2018 00:00,3602.0
28-May-2018 00:00,29-May-2018 00:00,10768.0
29-May-2018 00:00,30-May-2018 00:00,2967.0
30-May-2018 00:00,31-May-2018 00:00,3222.0
31-May-2018 00:00,01-Jun-2018 00:00,2119.0
01-Jun-2018 00:00,02-Jun-2018 00:00,2510.0
02-Jun-2018 00:00,03-Jun-2018 00:00,1229.0
03-Jun-2018 00:00,04-Jun-2018 00:00,2589.0
04-Jun-2018 00:00,05-Jun-2018 00:00,3816.0
05-Jun-2018 00:00,06-Jun-2018 00:00,8102.0
06-Jun-2018 00:00,07-Jun-2018 00:00,4864.0
07-Jun-2018 00:00,08-Jun-2018 00:00,4408.13982533738
08-Jun-2018 00:00,09-Jun-2018 00:00,18167.8601746626
09-Jun-2018 00:00,10-Jun-2018 00:00,7600.0
10-Jun-2018 00:00,11-Jun-2018 00:00,6925.0
11-Jun-2018 00:00,12-Jun-2018 00:00,7331.0
12-Jun-2018 00:00,13-Jun-2018 00:00,5754.0
13-Jun-2018 00:00,14-Jun-2018 00:00,6025.0
14-Jun-2018 00:00,15-Jun-2018 00:00,6163.0
15-Jun-2018 00:00,16-Jun-2018 00:00,6498.0
16-Jun-2018 00:00,17-Jun-2018 00:00,4654.0
17-Jun-2018 00:00,18-Jun-2018 00:00,3164.0
18-Jun-2018 00:00,19-Jun-2018 00:00,6174.0
19-Jun-2018 00:00,20-Jun-2018 00:00,2184.0
20-Jun-2018 00:00,21-Jun-2018 00:00,6763.0
21-Jun-2018 00:00,22-Jun-2018 00:00,3431.64030878553
22-Jun-2018 00:00,23-Jun-2018 00:00,10467.3596912145
23-Jun-2018 00:00,24-Jun-2018 00:00,6903.0
24-Jun-2018 00:00,25-Jun-2018 00:00,9214.0
25-Jun-2018 00:00,26-Jun-2018 00:00,3106.0
26-Jun-2018 00:00,27-Jun-2018 00:00,2488.0
27-Jun-2018 00:00,28-Jun-2018 00:00,3094.0
28-Jun-2018 00:00,29-Jun-2018 00:00,3976.0
29-Jun-2018 00:00,30-Jun-2018 00:00,4724.0
30-Jun-2018 00:00,01-Jul-2018 00:00,4610.0
01-Jul-2018 00:00,02-Jul-2018 00:00,3846.0
02-Jul-2018 00:00,03-Jul-2018 00:00,4212.0
03-Jul-2018 00:00,04-Jul-2018 00:00,3679.0
04-Jul-2018 00:00,05-Jul-2018 00:00,3964.0
05-Jul-2018 00:00,06-Jul-2018 00:00,3066.0
06-Jul-2018 00:00,07-Jul-2018 00:00,5757.0
07-Jul-2018 00:00,08-Jul-2018 00:00,3033.0
08-Jul-2018 00:00,09-Jul-2018 00:00,4726.0
09-Jul-2018 00:00,10-Jul-2018 00:00,2633.0
10-Jul-2018 00:00,11-Jul-2018 00:00,2176.0
11-Jul-2018 00:00,12-Jul-2018 00:00,4524.0
12-Jul-2018 00:00,13-Jul-2018 00:00,1789.0
13-Jul-2018 00:00,14-Jul-2018 00:00,4502.0
14-Jul-2018 00:00,15-Jul-2018 00:00,8592.0
15-Jul-2018 00:00,16-Jul-2018 00:00,6961.0
16-Jul-2018 00:00,17-Jul-2018 00:00,4344.0
17-Jul-2018 00:00,18-Jul-2018 00:00,6987.0
18-Jul-2018 00:00,19-Jul-2018 00:00,8881.0
19-Jul-2018 00:00,20-Jul-2018 00:00,7997.0
20-Jul-2018 00:00,21-Jul-2018 00:00,8976.0
21-Jul-2018 00:00,22-Jul-2018 00:00,2255.0
22-Jul-2018 00:00,23-Jul-2018 00:00,458.0
23-Jul-2018 00:00,24-Jul-2018 00:00,4099.0
24-Jul-2018 00:00,25-Jul-2018 00:00,166.0
25-Jul-2018 00:00,26-Jul-2018 00:00,2622.0
26-Jul-2018 00:00,27-Jul-2018 00:00,1322.0
27-Jul-2018 00:00,28-Jul-2018 00:00,2494.0
28-Jul-2018 00:00,29-Jul-2018 00:00,1972.0
29-Jul-2018 00:00,30-Jul-2018 00:00,2627.0
30-Jul-2018 00:00,31-Jul-2018 00:00,3591.0
31-Jul-2018 00:00,01-Aug-2018 00:00,5223.0
01-Aug-2018 00:00,02-Aug-2018 00:00,2508.0
02-Aug-2018 00:00,03-Aug-2018 00:00,8215.0
03-Aug-2018 00:00,04-Aug-2018 00:00,12404.0
04-Aug-2018 00:00,05-Aug-2018 00:00,18061.0
05-Aug-2018 00:00,06-Aug-2018 00:00,15353.0
06-Aug-2018 00:00,07-Aug-2018 00:00,17859.0
07-Aug-2018 00:00,08-Aug-2018 00:00,18239.0
08-Aug-2018 00:00,09-Aug-2018 00:00,26348.0
09-Aug-2018 00:00,10-Aug-2018 00:00,2433.0
10-Aug-2018 00:00,11-Aug-2018 00:00,1807.0
11-Aug-2018 00:00,12-Aug-2018 00:00,4677.0
12-Aug-2018 00:00,13-Aug-2018 00:00,10136.0
13-Aug-2018 00:00,14-Aug-2018 00:00,7375.0
14-Aug-2018 00:00,15-Aug-2018 00:00,3267.0
15-Aug-2018 00:00,16-Aug-2018 00:00,4704.0
16-Aug-2018 00:00,17-Aug-2018 00:00,2721.0
17-Aug-2018 00:00,18-Aug-2018 00:00,3098.0
18-Aug-2018 00:00,19-Aug-2018 00:00,2089.0
19-Aug-2018 00:00,20-Aug-2018 00:00,2351.0
20-Aug-2018 00:00,21-Aug-2018 00:00,1744.0
21-Aug-2018 00:00,22-Aug-2018 00:00,2677.0
22-Aug-2018 00:00,23-Aug-2018 00:00,1025.0
23-Aug-2018 00:00,24-Aug-2018 00:00,3888.0
24-Aug-2018 00:00,25-Aug-2018 00:00,2221.0
25-Aug-2018 00:00,26-Aug-2018 00:00,3574.0
26-Aug-2018 00:00,27-Aug-2018 00:00,2259.0
27-Aug-2018 00:00,28-Aug-2018 00:00,2323.0
28-Aug-2018 00:00,29-Aug-2018 00:00,2208.0
29-Aug-2018 00:00,30-Aug-2018 00:00,2974.10727512425
30-Aug-2018 00:00,31-Aug-2018 00:00,2450.89272487575
31-Aug-2018 00:00,01-Sep-2018 00:00,2461.0
01-Sep-2018 00:00,02-Sep-2018 00:00,3387.0
02-Sep-2018 00:00,03-Sep-2018 00:00,1490.0
03-Sep-2018 00:00,04-Sep-2018 00:00,3620.0
04-Sep-2018 00:00,05-Sep-2018 00:00,2883.0
05-Sep-2018 00:00,06-Sep-2018 00:00,4276.0
06-Sep-2018 00:00,07-Sep-2018 00:00,3407.0
07-Sep-2018 00:00,08-Sep-2018 00:00,6683.0
08-Sep-2018 00:00,09-Sep-2018 00:00,3159.0
09-Sep-2018 00:00,10-Sep-2018 00:00,2111.6646693284
10-Sep-2018 00:00,11-Sep-2018 00:00,4911.71356172629
11-Sep-2018 00:00,12-Sep-2018 00:00,3588.62176894532
12-Sep-2018 00:00,13-Sep-2018 00:00,4296.0
13-Sep-2018 00:00,14-Sep-2018 00:00,3438.0
14-Sep-2018 00:00,15-Sep-2018 00:00,4086.0
15-Sep-2018 00:00,16-Sep-2018 00:00,5018.0
16-Sep-2018 00:00,17-Sep-2018 00:00,1202.0
17-Sep-2018 00:00,18-Sep-2018 00:00,1857.0
18-Sep-2018 00:00,19-Sep-2018 00:00,4339.0
19-Sep-2018 00:00,20-Sep-2018 00:00,4456.0
20-Sep-2018 00:00,21-Sep-2018 00:00,10360.0
21-Sep-2018 00:00,22-Sep-2018 00:00,6707.0
22-Sep-2018 00:00,23-Sep-2018 00:00,3380.0
23-Sep-2018 00:00,24-Sep-2018 00:00,3954.0
24-Sep-2018 00:00,25-Sep-2018 00:00,2293.0
25-Sep-2018 00:00,26-Sep-2018 00:00,2360.0
26-Sep-2018 00:00,27-Sep-2018 00:00,3047.0
27-Sep-2018 00:00,28-Sep-2018 00:00,5031.0
28-Sep-2018 00:00,29-Sep-2018 00:00,5620.0
29-Sep-2018 00:00,30-Sep-2018 00:00,13394.0757755541
30-Sep-2018 00:00,01-Oct-2018 00:00,10813.9242244459
01-Oct-2018 00:00,02-Oct-2018 00:00,11337.0
02-Oct-2018 00:00,03-Oct-2018 00:00,10720.0
03-Oct-2018 00:00,04-Oct-2018 00:00,6052.0
04-Oct-2018 00:00,05-Oct-2018 00:00,11108.0
05-Oct-2018 00:00,06-Oct-2018 00:00,3989.0
06-Oct-2018 00:00,07-Oct-2018 00:00,8299.0
07-Oct-2018 00:00,08-Oct-2018 00:00,7355.0
08-Oct-2018 00:00,09-Oct-2018 00:00,14233.0
09-Oct-2018 00:00,10-Oct-2018 00:00,9094.0
10-Oct-2018 00:00,11-Oct-2018 00:00,4108.0
11-Oct-2018 00:00,12-Oct-2018 00:00,5138.0
12-Oct-2018 00:00,13-Oct-2018 00:00,2807.0
13-Oct-2018 00:00,14-Oct-2018 00:00,6899.0
14-Oct-2018 00:00,15-Oct-2018 00:00,5340.0
15-Oct-2018 00:00,16-Oct-2018 00:00,3116.0
16-Oct-2018 00:00,17-Oct-2018 00:00,4670.0
17-Oct-2018 00:00,18-Oct-2018 00:00,5343.0
18-Oct-2018 00:00,19-Oct-2018 00:00,3928.0
19-Oct-2018 00:00,20-Oct-2018 00:00,4103.0
20-Oct-2018 00:00,21-Oct-2018 00:00,9989.0
21-Oct-2018 00:00,22-Oct-2018 00:00,10940.0
22-Oct-2018 00:00,23-Oct-2018 00:00,8736.0
23-Oct-2018 00:00,24-Oct-2018 00:00,4058.0
24-Oct-2018 00:00,25-Oct-2018 00:00,3174.0
25-Oct-2018 00:00,26-Oct-2018 00:00,2305.0
26-Oct-2018 00:00,27-Oct-2018 00:00,5786.0
27-Oct-2018 00:00,28-Oct-2018 00:00,9271.0
28-Oct-2018 00:00,29-Oct-2018 00:00,9216.0
29-Oct-2018 00:00,30-Oct-2018 00:00,4901.0
30-Oct-2018 00:00,31-Oct-2018 00:00,4099.0
31-Oct-2018 00:00,01-Nov-2018 00:00,2520.0
01-Nov-2018 00:00,02-Nov-2018 00:00,5030.0
02-Nov-2018 00:00,03-Nov-2018 00:00,8923.0
03-Nov-2018 00:00,04-Nov-2018 00:00,3805.0
04-Nov-2018 00:00,05-Nov-2018 00:00,1563.0
05-Nov-2018 00:00,06-Nov-2018 00:00,2034.0
06-Nov-2018 00:00,07-Nov-2018 00:00,6626.0
07-Nov-2018 00:00,08-Nov-2018 00:00,8399.0
08-Nov-2018 00:00,09-Nov-2018 00:00,11796.0
09-Nov-2018 00:00,10-Nov-2018 00:00,1166.0
10-Nov-2018 00:00,11-Nov-2018 00:00,2975.0
11-Nov-2018 00:00,12-Nov-2018 00:00,4147.0
12-Nov-2018 00:00,13-Nov-2018 00:00,4498.0
13-Nov-2018 00:00,14-Nov-2018 00:00,9749.0
14-Nov-2018 00:00,15-Nov-2018 00:00,2947.0
15-Nov-2018 00:00,16-Nov-2018 00:00,6161.0
16-Nov-2018 00:00,17-Nov-2018 00:00,3942.60854326872
17-Nov-2018 00:00,18-Nov-2018 00:00,7881.39145673128
18-Nov-2018 00:00,19-Nov-2018 00:00,2130.0
19-Nov-2018 00:00,20-Nov-2018 00:00,9327.0
20-Nov-2018 00:00,21-Nov-2018 00:00,2651.0
21-Nov-2018 00:00,22-Nov-2018 00:00,2794.0
22-Nov-2018 00:00,23-Nov-2018 00:00,4095.0
23-Nov-2018 00:00,24-Nov-2018 00:00,2010.0
24-Nov-2018 00:00,25-Nov-2018 00:00,2477.0
25-Nov-2018 00:00,26-Nov-2018 00:00,6104.0
26-Nov-2018 00:00,27-Nov-2018 00:00,3803.03035615959
27-Nov-2018 00:00,28-Nov-2018 00:00,2312.73403365812
28-Nov-2018 00:00,29-Nov-2018 00:00,3285.2356101823
29-Nov-2018 00:00,30-Nov-2018 00:00,2398.0
30-Nov-2018 00:00,01-Dec-2018 00:00,4281.0
01-Dec-2018 00:00,02-Dec-2018 00:00,3422.0
02-Dec-2018 00:00,03-Dec-2018 00:00,2968.0
03-Dec-2018 00:00,04-Dec-2018 00:00,2924.0
04-Dec-2018 00:00,05-Dec-2018 00:00,1416.0
05-Dec-2018 00:00,06-Dec-2018 00:00,2938.0
06-Dec-2018 00:00,07-Dec-2018 00:00,1985.0
07-Dec-2018 00:00,08-Dec-2018 00:00,2371.0
08-Dec-2018 00:00,09-Dec-2018 00:00,3195.0
09-Dec-2018 00:00,10-Dec-2018 00:00,2080.35299233422
10-Dec-2018 00:00,11-Dec-2018 00:00,5439.64700766578
11-Dec-2018 00:00,12-Dec-2018 00:00,4761.0
12-Dec-2018 00:00,13-Dec-2018 00:00,2643.0
13-Dec-2018 00:00,14-Dec-2018 00:00,3296.76488057511
14-Dec-2018 00:00,15-Dec-2018 00:00,5510.23511942489
15-Dec-2018 00:00,16-Dec-2018 00:00,3436.0
16-Dec-2018 00:00,17-Dec-2018 00:00,2612.1861247871
17-Dec-2018 00:00,18-Dec-2018 00:00,3976.8138752129
18-Dec-2018 00:00,19-Dec-2018 00:00,9972.0
19-Dec-2018 00:00,20-Dec-2018 00:00,12057.0
20-Dec-2018 00:00,21-Dec-2018 00:00,8795.0
21-Dec-2018 00:00,22-Dec-2018 00:00,11971.0
22-Dec-2018 00:00,23-Dec-2018 00:00,9026.0
23-Dec-2018 00:00,24-Dec-2018 00:00,5045.33209598512
24-Dec-2018 00:00,25-Dec-2018 00:00,9723.66790401488
25-Dec-2018 00:00,26-Dec-2018 00:00,7482.0
26-Dec-2018 00:00,27-Dec-2018 00:00,3508.0
27-Dec-2018 00:00,28-Dec-2018 00:00,7727.0
28-Dec-2018 00:00,29-Dec-2018 00:00,8887.0
29-Dec-2018 00:00,30-Dec-2018 00:00,9750.8113169154
30-Dec-2018 00:00,31-Dec-2018 00:00,5925.1886830846
31-Dec-2018 00:00,01-Jan-2019 00:00,1451.0
01-Jan-2019 00:00,02-Jan-2019 00:00,2781.0
02-Jan-2019 00:00,03-Jan-2019 00:00,4276.0
03-Jan-2019 00:00,04-Jan-2019 00:00,4589.0
04-Jan-2019 00:00,05-Jan-2019 00:00,4873.66642474295
05-Jan-2019 00:00,06-Jan-2019 00:00,3290.33357525706
06-Jan-2019 00:00,07-Jan-2019 00:00,12308.0
07-Jan-2019 00:00,08-Jan-2019 00:00,4544.0
08-Jan-2019 00:00,09-Jan-2019 00:00,6800.0
09-Jan-2019 00:00,10-Jan-2019 00:00,3523.0
10-Jan-2019 00:00,11-Jan-2019 00:00,2342.0
11-Jan-2019 00:00,12-Jan-2019 00:00,3216.0
12-Jan-2019 00:00,13-Jan-2019 00:00,12430.0
13-Jan-2019 00:00,14-Jan-2019 00:00,8660.0
14-Jan-2019 00:00,15-Jan-2019 00:00,8915.0
15-Jan-2019 00:00,16-Jan-2019 00:00,2236.0
16-Jan-2019 00:00,17-Jan-2019 00:00,11584.0
17-Jan-2019 00:00,18-Jan-2019 00:00,2203.0
18-Jan-2019 00:00,19-Jan-2019 00:00,5848.0
19-Jan-2019 00:00,20-Jan-2019 00:00,4122.0
20-Jan-2019 00:00,21-Jan-2019 00:00,2368.0
21-Jan-2019 00:00,22-Jan-2019 00:00,5451.0
22-Jan-2019 00:00,23-Jan-2019 00:00,9026.0
23-Jan-2019 00:00,24-Jan-2019 00:00,7861.0
24-Jan-2019 00:00,25-Jan-2019 00:00,8.0
25-Jan-2019 00:00,26-Jan-2019 00:00,29.0
26-Jan-2019 00:00,27-Jan-2019 00:00,78.0
27-Jan-2019 00:00,28-Jan-2019 00:00,12.0
28-Jan-2019 00:00,29-Jan-2019 00:00,0.0
29-Jan-2019 00:00,30-Jan-2019 00:00,5430.0
30-Jan-2019 00:00,31-Jan-2019 00:00,114.0
31-Jan-2019 00:00,01-Feb-2019 00:00,8806.0
01-Feb-2019 00:00,02-Feb-2019 00:00,36.0
02-Feb-2019 00:00,03-Feb-2019 00:00,110.0
03-Feb-2019 00:00,04-Feb-2019 00:00,185.0
04-Feb-2019 00:00,05-Feb-2019 00:00,1581.0
05-Feb-2019 00:00,06-Feb-2019 00:00,6047.0
06-Feb-2019 00:00,07-Feb-2019 00:00,9891.0
07-Feb-2019 00:00,08-Feb-2019 00:00,33.0
08-Feb-2019 00:00,09-Feb-2019 00:00,9.0
09-Feb-2019 00:00,10-Feb-2019 00:00,37.0
10-Feb-2019 00:00,11-Feb-2019 00:00,3.0
11-Feb-2019 00:00,12-Feb-2019 00:00,3276.0
12-Feb-2019 00:00,13-Feb-2019 00:00,8432.0
13-Feb-2019 00:00,14-Feb-2019 00:00,5724.0
14-Feb-2019 00:00,15-Feb-2019 00:00,7168.0
15-Feb-2019 00:00,16-Feb-2019 00:00,3822.0
16-Feb-2019 00:00,17-Feb-2019 00:00,3227.5338916227
17-Feb-2019 00:00,18-Feb-2019 00:00,4626.11739176746
18-Feb-2019 00:00,19-Feb-2019 00:00,723.348716609848
19-Feb-2019 00:00,20-Feb-2019 00:00,5109.04639707492
20-Feb-2019 00:00,21-Feb-2019 00:00,3509.07595899287
21-Feb-2019 00:00,22-Feb-2019 00:00,1253.87764393221
22-Feb-2019 00:00,23-Feb-2019 00:00,5941.0
23-Feb-2019 00:00,24-Feb-2019 00:00,3346.0
24-Feb-2019 00:00,25-Feb-2019 00:00,3159.42156432254
25-Feb-2019 00:00,26-Feb-2019 00:00,335.578435677464
26-Feb-2019 00:00,27-Feb-2019 00:00,5459.0
27-Feb-2019 00:00,28-Feb-2019 00:00,7998.0
28-Feb-2019 00:00,01-Mar-2019 00:00,6356.0
01-Mar-2019 00:00,02-Mar-2019 00:00,1043.0
02-Mar-2019 00:00,03-Mar-2019 00:00,2627.0
03-Mar-2019 00:00,04-Mar-2019 00:00,3984.0
04-Mar-2019 00:00,05-Mar-2019 00:00,4117.0
05-Mar-2019 00:00,06-Mar-2019 00:00,2390.0
06-Mar-2019 00:00,07-Mar-2019 00:00,4937.0
07-Mar-2019 00:00,08-Mar-2019 00:00,6062.0
08-Mar-2019 00:00,09-Mar-2019 00:00,6655.0
09-Mar-2019 00:00,10-Mar-2019 00:00,3400.0
10-Mar-2019 00:00,11-Mar-2019 00:00,10924.0
11-Mar-2019 00:00,12-Mar-2019 00:00,8247.0
12-Mar-2019 00:00,13-Mar-2019 00:00,13145.0
13-Mar-2019 00:00,14-Mar-2019 00:00,5612.0
14-Mar-2019 00:00,15-Mar-2019 00:00,9016.0
15-Mar-2019 00:00,16-Mar-2019 00:00,3826.0
16-Mar-2019 00:00,17-Mar-2019 00:00,6326.0
17-Mar-2019 00:00,18-Mar-2019 00:00,8493.0
18-Mar-2019 00:00,19-Mar-2019 00:00,7297.0
19-Mar-2019 00:00,20-Mar-2019 00:00,16116.0
20-Mar-2019 00:00,21-Mar-2019 00:00,14629.0
21-Mar-2019 00:00,22-Mar-2019 00:00,15509.0
22-Mar-2019 00:00,23-Mar-2019 00:00,8052.0
23-Mar-2019 00:00,24-Mar-2019 00:00,11398.0
24-Mar-2019 00:00,25-Mar-2019 00:00,10096.1426319058
25-Mar-2019 00:00,26-Mar-2019 00:00,13652.8573680942
26-Mar-2019 00:00,27-Mar-2019 00:00,9487.0
27-Mar-2019 00:00,28-Mar-2019 00:00,10974.0
28-Mar-2019 00:00,29-Mar-2019 00:00,2972.0
29-Mar-2019 00:00,30-Mar-2019 00:00,13698.0
30-Mar-2019 00:00,31-Mar-2019 00:00,8247.0
31-Mar-2019 00:00,01-Apr-2019 00:00,6819.0
01-Apr-2019 00:00,02-Apr-2019 00:00,8238.0
02-Apr-2019 00:00,03-Apr-2019 00:00,8932.0
03-Apr-2019 00:00,04-Apr-2019 00:00,9109.0
04-Apr-2019 00:00,05-Apr-2019 00:00,8982.0
05-Apr-2019 00:00,06-Apr-2019 00:00,10679.0
06-Apr-2019 00:00,07-Apr-2019 00:00,3645.0
07-Apr-2019 00:00,08-Apr-2019 00:00,6551.0
08-Apr-2019 00:00,09-Apr-2019 00:00,9962.0
09-Apr-2019 00:00,10-Apr-2019 00:00,5409.0
10-Apr-2019 00:00,11-Apr-2019 00:00,17051.0
11-Apr-2019 00:00,12-Apr-2019 00:00,7929.0
12-Apr-2019 00:00,13-Apr-2019 00:00,11740.0
13-Apr-2019 00:00,14-Apr-2019 00:00,8608.0
14-Apr-2019 00:00,15-Apr-2019 00:00,5196.0
15-Apr-2019 00:00,16-Apr-2019 00:00,8845.0
16-Apr-2019 00:00,17-Apr-2019 00:00,3248.0
17-Apr-2019 00:00,18-Apr-2019 00:00,7669.0
18-Apr-2019 00:00,19-Apr-2019 00:00,9295.0
19-Apr-2019 00:00,20-Apr-2019 00:00,3908.0
20-Apr-2019 00:00,21-Apr-2019 00:00,2694.0
21-Apr-2019 00:00,22-Apr-2019 00:00,1860.0
22-Apr-2019 00:00,23-Apr-2019 00:00,4997.0
23-Apr-2019 00:00,24-Apr-2019 00:00,3880.0
24-Apr-2019 00:00,25-Apr-2019 00:00,5496.0
25-Apr-2019 00:00,26-Apr-2019 00:00,4595.0
26-Apr-2019 00:00,27-Apr-2019 00:00,15394.0
27-Apr-2019 00:00,28-Apr-2019 00:00,3011.0
28-Apr-2019 00:00,29-Apr-2019 00:00,5273.0
29-Apr-2019 00:00,30-Apr-2019 00:00,3570.0
30-Apr-2019 00:00,01-May-2019 00:00,8211.0
01-May-2019 00:00,02-May-2019 00:00,2126.0
02-May-2019 00:00,03-May-2019 00:00,9730.0
03-May-2019 00:00,04-May-2019 00:00,7000.0
04-May-2019 00:00,05-May-2019 00:00,4488.0
05-May-2019 00:00,06-May-2019 00:00,4332.0
06-May-2019 00:00,07-May-2019 00:00,3443.0
07-May-2019 00:00,08-May-2019 00:00,10438.0
08-May-2019 00:00,09-May-2019 00:00,4596.0
09-May-2019 00:00,10-May-2019 00:00,4442.0
10-May-2019 00:00,11-May-2019 00:00,4132.0
11-May-2019 00:00,12-May-2019 00:00,5169.0
12-May-2019 00:00,13-May-2019 00:00,3142.0
13-May-2019 00:00,14-May-2019 00:00,5307.0
14-May-2019 00:00,15-May-2019 00:00,7339.0
15-May-2019 00:00,16-May-2019 00:00,3868.0
16-May-2019 00:00,17-May-2019 00:00,6534.0
17-May-2019 00:00,18-May-2019 00:00,2727.0
18-May-2019 00:00,19-May-2019 00:00,9067.0
19-May-2019 00:00,20-May-2019 00:00,5537.0
20-May-2019 00:00,21-May-2019 00:00,8189.0
21-May-2019 00:00,22-May-2019 00:00,7852.0
22-May-2019 00:00,23-May-2019 00:00,7002.0
23-May-2019 00:00,24-May-2019 00:00,3994.0
24-May-2019 00:00,25-May-2019 00:00,7684.0
25-May-2019 00:00,26-May-2019 00:00,2756.0
26-May-2019 00:00,27-May-2019 00:00,4602.0
27-May-2019 00:00,28-May-2019 00:00,5101.0
28-May-2019 00:00,29-May-2019 00:00,6736.0
29-May-2019 00:00,30-May-2019 00:00,5752.0
30-May-2019 00:00,31-May-2019 00:00,3277.0
31-May-2019 00:00,01-Jun-2019 00:00,9433.0
01-Jun-2019 00:00,02-Jun-2019 00:00,8991.0
02-Jun-2019 00:00,03-Jun-2019 00:00,4499.0
03-Jun-2019 00:00,04-Jun-2019 00:00,6783.0
04-Jun-2019 00:00,05-Jun-2019 00:00,6925.0
05-Jun-2019 00:00,06-Jun-2019 00:00,5665.0
06-Jun-2019 00:00,07-Jun-2019 00:00,8886.0
07-Jun-2019 00:00,08-Jun-2019 00:00,4940.0
08-Jun-2019 00:00,09-Jun-2019 00:00,24728.0
09-Jun-2019 00:00,10-Jun-2019 00:00,15972.0
10-Jun-2019 00:00,11-Jun-2019 00:00,4203.0
11-Jun-2019 00:00,12-Jun-2019 00:00,4951.0
12-Jun-2019 00:00,13-Jun-2019 00:00,6400.0
13-Jun-2019 00:00,14-Jun-2019 00:00,14502.0
14-Jun-2019 00:00,15-Jun-2019 00:00,8613.0
15-Jun-2019 00:00,16-Jun-2019 00:00,5209.0
16-Jun-2019 00:00,17-Jun-2019 00:00,6947.0
17-Jun-2019 00:00,18-Jun-2019 00:00,8780.0
18-Jun-2019 00:00,19-Jun-2019 00:00,5482.0
19-Jun-2019 00:00,20-Jun-2019 00:00,2124.22255360258
20-Jun-2019 00:00,21-Jun-2019 00:00,3224.80049689708
21-Jun-2019 00:00,22-Jun-2019 00:00,9210.97694950034
22-Jun-2019 00:00,23-Jun-2019 00:00,5306.0
23-Jun-2019 00:00,24-Jun-2019 00:00,3872.0
24-Jun-2019 00:00,25-Jun-2019 00:00,4278.0
25-Jun-2019 00:00,26-Jun-2019 00:00,5962.0
26-Jun-2019 00:00,27-Jun-2019 00:00,8922.0
27-Jun-2019 00:00,28-Jun-2019 00:00,10412.0
28-Jun-2019 00:00,29-Jun-2019 00:00,10232.0
29-Jun-2019 00:00,30-Jun-2019 00:00,9875.0
30-Jun-2019 00:00,01-Jul-2019 00:00,9404.0
01-Jul-2019 00:00,02-Jul-2019 00:00,12422.0
02-Jul-2019 00:00,03-Jul-2019 00:00,464.0
03-Jul-2019 00:00,04-Jul-2019 00:00,10466.0
04-Jul-2019 00:00,05-Jul-2019 00:00,4803.0
05-Jul-2019 00:00,06-Jul-2019 00:00,10328.0
06-Jul-2019 00:00,07-Jul-2019 00:00,8460.0
07-Jul-2019 00:00,08-Jul-2019 00:00,0.0
08-Jul-2019 00:00,09-Jul-2019 00:00,3498.0
09-Jul-2019 00:00,10-Jul-2019 00:00,8921.0
10-Jul-2019 00:00,11-Jul-2019 00:00,0.0
11-Jul-2019 00:00,12-Jul-2019 00:00,1989.0
12-Jul-2019 00:00,13-Jul-2019 00:00,0.0
